min_angle,0
max_angle,140
296062,1164
296073,1164
296082,1165
296093,1165
296102,1165
296113,1164
296122,1165
296133,1165
296142,1165
296153,1164
296162,1164
296173,1164
296182,1163
296193,1164
296202,1163
296213,1163
296222,1163
296233,1164
296242,1164
296253,1164
296262,1164
296273,1164
296282,1163
296293,1163
296302,1163
296313,1164
296322,1164
296333,1164
296342,1164
296353,1164
296362,1163
296373,1164
296382,1164
296393,1164
296404,1164
296412,1164
296423,1163
296432,1163
296442,1163
296454,1164
296465,1162
296472,1162
296483,1162
296492,1163
296503,1164
296512,1164
296522,1164
296534,1165
296542,1164
296553,1164
296562,1163
296573,1164
296582,1164
296593,1163
296602,1163
296613,1163
296622,1163
296633,1165
296642,1164
296652,1164
296664,1165
296672,1165
296683,1164
296692,1163
296703,1164
296712,1165
296723,1165
296732,1164
296742,1163
296754,1164
296762,1163
296772,1163
296784,1164
296792,1164
296803,1164
296812,1163
296823,1164
296832,1164
296843,1164
296852,1164
296863,1164
296872,1164
296882,1165
296894,1165
296902,1165
296913,1164
296922,1164
296933,1164
296942,1164
296953,1164
296962,1164
296973,1164
296982,1164
296993,1164
297002,1164
297013,1165
297024,1164
297032,1163
297043,1163
297052,1163
297062,1165
297074,1165
297082,1165
297092,1163
297104,1164
297115,1166
297122,1167
297133,1167
297142,1167
297153,1166
297162,1166
297173,1166
297184,1165
297192,1165
297202,1164
297213,1165
297222,1166
297233,1166
297242,1165
297253,1164
297264,1164
297272,1164
297283,1164
297292,1163
297303,1164
297312,1164
297323,1165
297332,1165
297343,1165
297352,1164
297363,1165
297372,1164
297383,1164
297392,1163
297403,1164
297414,1163
297422,1163
297433,1163
297442,1164
297453,1165
297464,1163
297472,1162
297483,1163
297492,1163
297503,1164
297512,1164
297523,1164
297532,1163
297543,1163
297552,1163
297563,1164
297574,1163
297582,1163
297593,1163
297602,1164
297612,1163
297623,1163
297632,1163
297643,1164
297654,1163
297662,1164
297673,1164
297682,1165
297693,1165
297702,1165
297713,1165
297722,1165
297732,1164
297744,1164
297755,1165
297762,1165
297773,1165
297782,1165
297792,1164
297804,1164
297815,1162
297822,1164
297833,1165
297842,1166
297853,1164
297862,1164
297873,1164
297882,1165
297893,1165
297902,1165
297912,1164
297924,1164
297932,1164
297943,1164
297952,1163
297963,1164
297972,1163
297983,1163
297994,1164
298002,1164
298013,1164
298022,1163
298033,1164
298044,1163
298052,1163
298062,1163
298073,1162
298082,1162
298093,1163
298104,1163
298112,1162
298122,1161
298134,1162
298142,1162
298152,1161
298164,1161
298172,1161
298183,1162
298192,1161
298203,1162
298212,1161
298223,1163
298232,1163
298243,1163
298252,1163
298263,1163
298272,1162
298283,1161
298292,1160
298302,1161
298313,1162
298324,1163
298332,1163
298342,1162
298354,1160
298362,1160
298373,1161
298382,1161
298393,1162
298402,1162
298413,1161
298422,1161
298433,1161
298442,1161
298453,1161
298462,1160
298473,1159
298482,1159
298493,1160
298502,1161
298513,1160
298522,1160
298532,1160
298543,1161
298552,1160
298563,1160
298572,1159
298583,1160
298592,1159
298603,1160
298612,1159
298622,1160
298634,1161
298642,1160
298653,1159
298662,1158
298672,1159
298684,1160
298695,1160
298702,1159
298713,1159
298722,1159
298733,1160
298742,1160
298753,1160
298762,1160
298773,1161
298782,1161
298792,1160
298804,1160
298812,1161
298823,1160
298832,1159
298843,1159
298852,1159
298863,1159
298872,1159
298882,1159
298894,1160
298902,1160
298913,1159
298922,1158
298933,1159
298942,1159
298953,1159
298962,1158
298973,1158
298982,1158
298993,1158
299002,1157
299013,1158
299022,1157
299033,1156
299042,1156
299053,1157
299062,1157
299073,1157
299082,1157
299093,1156
299102,1155
299113,1153
299122,1152
299133,1151
299142,1150
299153,1148
299162,1147
299173,1146
299182,1144
299193,1142
299202,1141
299213,1139
299224,1136
299232,1135
299243,1132
299252,1130
299263,1126
299272,1125
299283,1122
299292,1121
299302,1118
299314,1114
299322,1111
299333,1107
299344,1106
299352,1105
299363,1104
299372,1103
299383,1102
299392,1101
299403,1103
299412,1102
299423,1102
299432,1102
299442,1103
299454,1103
299462,1102
299473,1101
299482,1101
299492,1102
299504,1102
299515,1100
299522,1101
299533,1101
299542,1102
299553,1103
299562,1102
299572,1101
299584,1100
299592,1100
299603,1101
299612,1101
299623,1101
299632,1101
299643,1101
299654,1101
299662,1102
299673,1101
299682,1102
299693,1102
299702,1102
299713,1101
299722,1102
299733,1102
299742,1102
299753,1101
299762,1101
299773,1102
299782,1101
299793,1101
299804,1101
299812,1101
299823,1101
299834,1099
299842,1099
299852,1099
299864,1100
299872,1101
299882,1100
299894,1100
299902,1100
299913,1101
299922,1102
299933,1103
299942,1103
299953,1103
299962,1104
299973,1105
299984,1105
299992,1104
300003,1103
300012,1101
300023,1101
300032,1100
300042,1101
300054,1102
300062,1102
300073,1101
300082,1102
300093,1101
300102,1100
300113,1100
300122,1100
300133,1100
300142,1101
300153,1100
300162,1099
300173,1099
300182,1098
300192,1099
300204,1101
300212,1101
300223,1100
300232,1101
300243,1100
300252,1100
300263,1099
300272,1098
300283,1099
300292,1099
300303,1100
300312,1100
300322,1101
300334,1101
300342,1101
300353,1101
300364,1101
300372,1102
300383,1103
300392,1103
300403,1102
300412,1102
300423,1102
300432,1103
300443,1103
300452,1102
300462,1102
300474,1101
300482,1101
300493,1101
300504,1100
300512,1101
300523,1101
300532,1102
300543,1100
300552,1101
300563,1101
300572,1101
300583,1101
300592,1100
300603,1100
300612,1100
300623,1100
300632,1100
300643,1099
300652,1099
300663,1100
300672,1100
300683,1100
300692,1100
300703,1100
300712,1100
300723,1100
300732,1101
300743,1101
300754,1100
300762,1100
300773,1101
300782,1101
300793,1101
300802,1100
300813,1100
300822,1100
300833,1101
300842,1100
300852,1100
300864,1102
300872,1101
300883,1101
300892,1101
300903,1101
300912,1101
300923,1100
300932,1100
300942,1100
300954,1101
300962,1100
300973,1100
300984,1101
300992,1101
301003,1101
301012,1100
301023,1100
301032,1100
301042,1100
301054,1100
301062,1100
301073,1100
301084,1100
301092,1100
301103,1101
301112,1101
301123,1100
301132,1101
301142,1100
301154,1100
301162,1100
301173,1100
301182,1099
301193,1099
301202,1099
301213,1100
301222,1099
301232,1101
301244,1101
301252,1100
301263,1099
301272,1098
301283,1100
301292,1099
301303,1100
301312,1099
301323,1100
301332,1100
301343,1102
301352,1101
301362,1101
301374,1101
301382,1102
301393,1100
301402,1100
301413,1101
301422,1101
301433,1102
301442,1101
301453,1102
301462,1102
301473,1102
301482,1101
301493,1102
301502,1102
301512,1101
301524,1101
301532,1102
301543,1102
301552,1101
301562,1101
301574,1102
301585,1102
301592,1103
301603,1102
301612,1101
301623,1100
301632,1100
301643,1100
301652,1099
301663,1099
301672,1099
301683,1099
301692,1099
301703,1099
301712,1099
301723,1099
301732,1099
301743,1100
301752,1100
301763,1100
301772,1100
301783,1100
301792,1100
301803,1099
301812,1099
301823,1099
301832,1099
301843,1100
301854,1099
301862,1099
301873,1100
301882,1101
301893,1100
301902,1099
301913,1100
301922,1099
301933,1100
301942,1100
301953,1100
301962,1099
301972,1100
301983,1100
301992,1100
302003,1101
302012,1100
302023,1100
302034,1100
302042,1100
302053,1100
302062,1100
302073,1100
302084,1101
302092,1101
302103,1101
302112,1101
302123,1100
302132,1101
302143,1101
302152,1100
302163,1101
302172,1101
302183,1101
302192,1101
302203,1101
302212,1101
302223,1101
302232,1101
302243,1102
302252,1101
302263,1102
302274,1103
302282,1104
302293,1104
302302,1104
302312,1105
302324,1105
302332,1105
302342,1105
302354,1107
302362,1107
302373,1109
302382,1109
302393,1110
302402,1109
302413,1111
302422,1112
302433,1114
302442,1115
302452,1116
302464,1117
302472,1117
302483,1118
302492,1118
302503,1119
302512,1120
302523,1121
302532,1121
302543,1121
302552,1121
302563,1124
302572,1124
302583,1125
302592,1125
302603,1127
302612,1128
302623,1130
302632,1130
302643,1130
302652,1130
302663,1133
302672,1133
302683,1134
302694,1136
302702,1136
302713,1137
302724,1138
302732,1139
302743,1139
302752,1139
302763,1139
302774,1141
302782,1141
302793,1142
302802,1142
302813,1143
302822,1144
302833,1145
302842,1144
302853,1145
302862,1145
302873,1147
302882,1146
302893,1148
302902,1147
302912,1149
302924,1151
302932,1150
302943,1150
302954,1151
302962,1152
302972,1152
302983,1152
302992,1152
303003,1153
303012,1153
303023,1154
303034,1154
303042,1155
303053,1156
303062,1155
303073,1156
303082,1155
303092,1157
303104,1159
303112,1159
303123,1159
303132,1157
303143,1158
303152,1158
303163,1160
303172,1159
303183,1160
303192,1160
303203,1161
303212,1161
303223,1162
303232,1161
303243,1163
303252,1162
303263,1163
303274,1162
303282,1163
303292,1163
303303,1164
303312,1165
303323,1166
303332,1165
303342,1165
303354,1167
303362,1166
303373,1166
303382,1166
303393,1166
303402,1166
303413,1166
303422,1167
303433,1168
303442,1167
303453,1167
303462,1167
303473,1168
303482,1168
303493,1168
303502,1169
303512,1168
303524,1168
303535,1169
303542,1168
303553,1169
303562,1169
303573,1170
303584,1169
303592,1169
303603,1169
303612,1169
303623,1170
303632,1170
303643,1171
303652,1170
303663,1171
303672,1171
303683,1171
303692,1171
303703,1172
303712,1172
303723,1173
303732,1172
303743,1172
303752,1173
303763,1173
303772,1173
303782,1173
303794,1173
303802,1173
303813,1173
303822,1173
303832,1175
303844,1176
303852,1176
303863,1175
303872,1175
303883,1175
303894,1176
303902,1176
303913,1176
303922,1175
303933,1175
303942,1175
303953,1178
303962,1178
303972,1179
303984,1179
303992,1178
304003,1178
304012,1178
304023,1179
304032,1178
304043,1178
304054,1179
304065,1180
304072,1180
304082,1180
304093,1182
304102,1181
304112,1181
304124,1181
304132,1181
304142,1183
304153,1182
304162,1181
304173,1181
304182,1182
304193,1182
304202,1183
304213,1182
304224,1182
304232,1183
304243,1184
304252,1184
304262,1183
304274,1183
304282,1184
304293,1185
304302,1184
304312,1184
304324,1184
304332,1184
304342,1184
304353,1186
304362,1185
304373,1184
304382,1183
304393,1184
304402,1184
304413,1184
304422,1184
304433,1185
304442,1184
304453,1185
304462,1184
304473,1185
304482,1184
304492,1185
304504,1185
304515,1184
304522,1185
304533,1186
304542,1187
304552,1185
304564,1186
304572,1186
304583,1186
304592,1185
304603,1186
304612,1186
304623,1186
304632,1186
304643,1187
304652,1186
304663,1187
304672,1186
304683,1187
304692,1186
304703,1187
304712,1187
304722,1188
304733,1187
304744,1187
304752,1187
304763,1187
304772,1186
304783,1187
304792,1187
304803,1188
304812,1188
304823,1188
304832,1189
304843,1189
304852,1189
304863,1188
304872,1189
304883,1189
304892,1189
304903,1189
304912,1188
304923,1188
304932,1188
304943,1189
304952,1188
304962,1189
304974,1189
304982,1189
304993,1189
305002,1189
305013,1189
305024,1188
305032,1188
305043,1189
305052,1190
305063,1190
305074,1188
305082,1188
305093,1189
305102,1190
305113,1190
305122,1190
305133,1191
305142,1191
305153,1191
305162,1191
305173,1191
305184,1191
305192,1192
305203,1191
305212,1191
305223,1192
305232,1192
305243,1192
305252,1191
305263,1191
305272,1191
305283,1191
305292,1192
305303,1192
305312,1193
305322,1194
305334,1193
305342,1193
305353,1192
305362,1193
305372,1192
305384,1192
305395,1191
305402,1191
305413,1193
305422,1193
305433,1191
305442,1191
305453,1191
305462,1191
305473,1192
305482,1191
305493,1193
305502,1193
305513,1194
305522,1193
305533,1193
305542,1193
305553,1193
305562,1193
305573,1194
305584,1193
305592,1194
305602,1193
305613,1192
305622,1192
305633,1193
305642,1193
305653,1193
305662,1192
305673,1193
305684,1194
305692,1193
305703,1193
305712,1193
305723,1194
305732,1194
305743,1195
305752,1195
305763,1194
305772,1193
305783,1193
305792,1194
305802,1195
305814,1195
305822,1194
305833,1193
305842,1193
305852,1195
305864,1196
305872,1196
305883,1194
305894,1193
305902,1193
305913,1194
305924,1195
305932,1195
305943,1195
305952,1194
305963,1195
305974,1195
305982,1196
305993,1196
306002,1197
306012,1198
306024,1197
306032,1197
306043,1196
306052,1196
306063,1196
306072,1196
306083,1197
306092,1197
306103,1198
306112,1197
306123,1197
306132,1196
306143,1197
306154,1198
306162,1199
306173,1198
306182,1198
306193,1198
306202,1197
306213,1197
306222,1198
306233,1199
306244,1197
306252,1198
306263,1198
306272,1199
306283,1199
306294,1200
306302,1200
306313,1200
306322,1200
306333,1199
306342,1198
306353,1198
306362,1198
306373,1198
306382,1197
306393,1198
306402,1198
306413,1199
306422,1199
306433,1199
306442,1200
306453,1200
306462,1200
306473,1199
306484,1197
306492,1197
306503,1198
306512,1199
306523,1199
306532,1198
306543,1198
306552,1197
306563,1198
306572,1198
306582,1199
306594,1199
306605,1198
306612,1198
306623,1199
306632,1199
306643,1197
306654,1196
306662,1196
306673,1197
306682,1198
306693,1199
306702,1199
306713,1198
306722,1198
306732,1197
306744,1195
306752,1195
306763,1196
306774,1194
306782,1195
306793,1195
306802,1196
306813,1196
306822,1196
306833,1196
306842,1196
306853,1196
306862,1195
306873,1195
306882,1195
306893,1194
306902,1193
306913,1193
306922,1193
306933,1194
306942,1193
306953,1193
306962,1193
306973,1193
306982,1192
306993,1191
307004,1193
307012,1193
307023,1191
307032,1190
307042,1189
307054,1191
307062,1191
307073,1189
307082,1189
307093,1190
307102,1189
307112,1189
307124,1190
307132,1190
307143,1188
307152,1188
307163,1188
307174,1186
307182,1185
307193,1186
307202,1186
307213,1188
307222,1187
307233,1187
307242,1186
307253,1187
307262,1187
307273,1186
307282,1185
307293,1184
307302,1184
307313,1185
307322,1185
307333,1185
307342,1185
307353,1185
307362,1184
307373,1183
307382,1182
307393,1183
307402,1183
307413,1183
307422,1183
307433,1184
307442,1184
307453,1184
307462,1183
307473,1183
307482,1182
307492,1182
307503,1182
307514,1182
307522,1182
307533,1181
307542,1181
307553,1181
307562,1181
307573,1181
307582,1180
307593,1181
307602,1180
307613,1180
307622,1181
307633,1181
307642,1180
307653,1179
307662,1179
307673,1179
307682,1178
307693,1177
307702,1178
307713,1179
307722,1180
307733,1178
307742,1177
307753,1178
307762,1177
307773,1177
307782,1177
307793,1177
307804,1176
307812,1176
307823,1176
307832,1176
307843,1176
307852,1176
307863,1175
307872,1175
307883,1175
307892,1174
307903,1173
307912,1173
307923,1173
307932,1173
307943,1173
307952,1172
307963,1171
307974,1171
307982,1172
307992,1171
308004,1171
308015,1171
308022,1170
308033,1171
308042,1170
308053,1170
308064,1170
308072,1170
308083,1170
308092,1169
308103,1169
308112,1168
308123,1168
308132,1167
308143,1167
308152,1166
308163,1165
308172,1164
308183,1165
308192,1164
308203,1164
308212,1163
308223,1163
308232,1162
308243,1163
308252,1162
308263,1162
308274,1161
308282,1161
308292,1160
308304,1160
308312,1160
308323,1160
308332,1160
308343,1160
308352,1159
308362,1157
308374,1157
308382,1157
308393,1156
308402,1155
308413,1155
308422,1154
308433,1154
308444,1153
308452,1152
308463,1152
308472,1151
308483,1151
308492,1151
308503,1151
308512,1151
308522,1150
308534,1149
308542,1149
308553,1148
308564,1148
308572,1147
308583,1147
308594,1147
308602,1147
308613,1147
308622,1145
308633,1144
308642,1144
308653,1143
308662,1143
308673,1142
308682,1141
308692,1140
308704,1140
308712,1139
308723,1140
308732,1139
308743,1139
308752,1138
308763,1137
308772,1136
308782,1137
308794,1136
308805,1135
308812,1135
308823,1135
308832,1136
308842,1134
308853,1133
308862,1134
308903,1133
308914,1130
308922,1128
308933,1127
308942,1127
308953,1126
308964,1126
308972,1126
308983,1125
308994,1123
309002,1123
309013,1123
309024,1122
309032,1123
309043,1123
309052,1123
309063,1122
309072,1121
309083,1119
309094,1119
309102,1119
309113,1119
309122,1117
309133,1117
309142,1117
309153,1117
309162,1116
309173,1116
309182,1116
309193,1115
309202,1115
309212,1115
309224,1115
309232,1114
309243,1113
309254,1111
309262,1111
309272,1111
309284,1111
309295,1111
309302,1111
309313,1111
309322,1111
309332,1110
309344,1109
309352,1109
309363,1108
309372,1108
309383,1108
309392,1107
309403,1107
309412,1106
309422,1106
309434,1106
309442,1106
309453,1105
309462,1105
309473,1106
309482,1104
309493,1103
309502,1103
309513,1104
309522,1104
309533,1103
309542,1103
309553,1103
309562,1103
309572,1103
309584,1103
309592,1104
309603,1103
309612,1103
309623,1102
309632,1102
309643,1103
309652,1102
309663,1102
309672,1102
309683,1101
309692,1101
309703,1102
309714,1101
309722,1102
309732,1101
309744,1101
309752,1101
309762,1100
309774,1101
309782,1101
309793,1100
309802,1099
309813,1100
309822,1100
309833,1100
309844,1101
309852,1101
309862,1099
309874,1099
309882,1100
309893,1100
309904,1101
309915,1103
309922,1102
309933,1101
309942,1101
309953,1101
309962,1100
309973,1100
309982,1099
309993,1100
310004,1100
310015,1099
310022,1099
310033,1100
310042,1101
310053,1100
310062,1100
310073,1100
310082,1099
310092,1100
310104,1101
310112,1102
310123,1101
310132,1101
310143,1100
310152,1100
310163,1100
310172,1101
310183,1101
310192,1101
310203,1101
310212,1101
310223,1100
310232,1099
310243,1099
310252,1099
310263,1099
310272,1099
310283,1099
310294,1099
310302,1099
310312,1099
310324,1100
310332,1100
310343,1100
310352,1101
310363,1100
310374,1099
310382,1099
310393,1099
310402,1100
310413,1099
310424,1099
310435,1101
310442,1101
310453,1100
310462,1099
310473,1100
310482,1099
310492,1099
310504,1100
310512,1100
310523,1100
310532,1100
310543,1099
310552,1100
310563,1100
310572,1100
310582,1100
310594,1100
310602,1100
310613,1100
310622,1101
310633,1102
310644,1101
310652,1104
310662,1107
310674,1112
310685,1119
310692,1121
310703,1126
310712,1129
310723,1132
310732,1133
310743,1136
310752,1137
310763,1142
310772,1142
310783,1145
310792,1145
310803,1146
310812,1146
310823,1147
310832,1146
310843,1147
310852,1147
310863,1147
310872,1147
310883,1147
310892,1146
310903,1146
310912,1146
310923,1146
310932,1146
310943,1146
310952,1146
310962,1146
310974,1146
310982,1147
310992,1146
311004,1147
311012,1147
311023,1148
311034,1148
311045,1149
311052,1150
311063,1149
311072,1149
311082,1149
311094,1148
311102,1148
311113,1148
311122,1148
311133,1148
311142,1148
311153,1148
311162,1147
311172,1148
311184,1149
311192,1149
311202,1148
311214,1148
311222,1147
311232,1148
311244,1150
311252,1149
311263,1148
311272,1147
311283,1148
311292,1148
311303,1149
311312,1150
311323,1150
311334,1151
311342,1151
311352,1151
311364,1152
311372,1152
311383,1153
311392,1153
311403,1156
311412,1157
311423,1159
311432,1161
311443,1164
311454,1168
311462,1170
311473,1171
311482,1173
311493,1176
311502,1177
311513,1180
311522,1181
311533,1185
311542,1186
311552,1188
311564,1189
311572,1189
311583,1189
311592,1188
311603,1189
311612,1189
311622,1188
311634,1187
311642,1187
311653,1187
311662,1188
311673,1188
311682,1187
311693,1187
311704,1188
311712,1188
311723,1188
311732,1188
311743,1188
311752,1188
311763,1188
311774,1187
311782,1186
311793,1187
311802,1187
311813,1187
311822,1187
311833,1188
311842,1187
311853,1187
311862,1187
311873,1188
311884,1188
311892,1186
311903,1186
311912,1186
311923,1188
311932,1188
311943,1189
311952,1188
311963,1188
311972,1188
311983,1188
311992,1187
312003,1187
312012,1188
312023,1188
312032,1187
312043,1187
312052,1186
312063,1187
312072,1187
312083,1187
312092,1187
312103,1187
312112,1188
312123,1188
312134,1187
312142,1188
312153,1188
312162,1187
312173,1186
312182,1185
312193,1185
312204,1185
312212,1185
312222,1184
312234,1186
312242,1188
312253,1188
312262,1189
312273,1191
312282,1191
312293,1195
312302,1196
312313,1204
312322,1206
312333,1214
312342,1217
312353,1225
312362,1226
312373,1229
312382,1230
312393,1232
312404,1232
312412,1233
312423,1232
312432,1233
312443,1230
312452,1228
312463,1226
312472,1225
312483,1224
312492,1224
312503,1224
312512,1223
312523,1223
312532,1223
312543,1223
312552,1222
312563,1222
312572,1223
312583,1224
312592,1225
312603,1225
312612,1224
312623,1225
312632,1224
312642,1225
312653,1224
312662,1224
312673,1224
312682,1225
312693,1224
312702,1223
312713,1223
312724,1223
312732,1223
312743,1224
312752,1224
312763,1223
312772,1224
312783,1224
312792,1224
312803,1223
312812,1224
312822,1225
312834,1225
312842,1224
312853,1224
312862,1224
312873,1224
312882,1223
312893,1223
312902,1223
312913,1224
312922,1224
312933,1223
312942,1222
312953,1222
312962,1224
312973,1224
312982,1224
312993,1223
313002,1222
313013,1222
313022,1221
313033,1223
313044,1223
313052,1223
313063,1223
313072,1222
313083,1222
313092,1221
313103,1222
313112,1222
313123,1222
313132,1222
313143,1222
313152,1221
313163,1221
313172,1220
313183,1221
313194,1222
313202,1222
313213,1222
313222,1221
313233,1221
313242,1222
313252,1222
313264,1222
313275,1221
313282,1222
313293,1222
313302,1222
313313,1221
313322,1221
313332,1221
313344,1222
313352,1222
313363,1220
313372,1220
313383,1220
313392,1219
313403,1220
313412,1220
313423,1220
313432,1219
313443,1220
313452,1221
313463,1221
313472,1221
313483,1219
313492,1219
313503,1219
313512,1218
313522,1219
313534,1218
313542,1217
313553,1215
313562,1214
313573,1213
313582,1211
313593,1209
313602,1207
313613,1201
313622,1197
313633,1192
313642,1190
313653,1187
313662,1185
313673,1182
313682,1181
313692,1181
313704,1179
313712,1178
313723,1176
313732,1176
313743,1177
313752,1176
313763,1176
313772,1176
313782,1177
313793,1176
313802,1176
313812,1177
313824,1178
313832,1178
313843,1178
313852,1178
313863,1178
313872,1179
313883,1179
313892,1179
313903,1177
313914,1177
313922,1177
313933,1177
313942,1177
313953,1178
313962,1177
313973,1177
313982,1177
313992,1178
314004,1179
314012,1179
314023,1179
314032,1179
314043,1178
314052,1178
314063,1178
314072,1178
314083,1179
314092,1178
314103,1178
314112,1177
314123,1178
314132,1177
314142,1178
314154,1178
314162,1178
314173,1178
314182,1177
314193,1178
314202,1178
314213,1179
314222,1179
314233,1179
314242,1179
314253,1178
314262,1178
314273,1177
314282,1177
314292,1176
314304,1177
314312,1176
314322,1175
314334,1174
314342,1173
314353,1170
314362,1168
314373,1164
314382,1162
314393,1158
314402,1157
314413,1152
314424,1147
314432,1146
314443,1141
314452,1140
314462,1137
314474,1134
314482,1133
314493,1131
314502,1131
314513,1131
314522,1130
314532,1131
314544,1133
314552,1134
314563,1133
314572,1132
314583,1132
314594,1130
314602,1131
314613,1132
314622,1132
314633,1132
314642,1131
314652,1132
314664,1133
314672,1133
314683,1132
314692,1132
314703,1133
314712,1132
314723,1132
314732,1132
314743,1133
314752,1134
314763,1134
314774,1133
314782,1133
314793,1133
314802,1133
314813,1133
314822,1133
314833,1133
314842,1134
314853,1133
314862,1133
314873,1133
314882,1134
314893,1134
314902,1134
314913,1133
314922,1132
314933,1132
314942,1132
314953,1133
314962,1133
314973,1133
314982,1132
314993,1133
315002,1132
315013,1133
315022,1133
315033,1134
315042,1133
315052,1133
315064,1133
315072,1133
315083,1134
315092,1133
315103,1133
315112,1133
315123,1133
315132,1133
315143,1133
315152,1134
315163,1135
315172,1134
315183,1133
315194,1135
315202,1134
315213,1133
315222,1132
315233,1132
315242,1131
315253,1130
315262,1130
315273,1128
315282,1127
315293,1126
315302,1123
315313,1120
315322,1118
315333,1114
315342,1111
315352,1108
315364,1104
315372,1103
315383,1101
315392,1100
315403,1100
315412,1100
315423,1101
315434,1100
315442,1100
315453,1100
315464,1100
315472,1099
315483,1098
315492,1097
315503,1097
315514,1098
315522,1099
315533,1100
315542,1100
315553,1100
315562,1099
315573,1099
315582,1099
315593,1099
315602,1098
315613,1097
315622,1096
315633,1097
315642,1096
315653,1097
315662,1097
315673,1097
315682,1097
315693,1099
315702,1098
315713,1098
315722,1097
315733,1098
315742,1097
315753,1096
315762,1097
315773,1097
315782,1098
315793,1098
315804,1098
315812,1099
315823,1099
315834,1098
315842,1100
315853,1098
315862,1097
315873,1097
315884,1096
315895,1098
315902,1098
315913,1098
315922,1098
315933,1099
315942,1100
315953,1101
315962,1100
315972,1100
315984,1101
315992,1100
316003,1099
316012,1099
316022,1099
316034,1099
316042,1099
316053,1099
316062,1099
316073,1098
316082,1098
316093,1098
316102,1098
316113,1097
316122,1096
316133,1097
316142,1097
316152,1098
316164,1098
316172,1098
316182,1098
316194,1098
316202,1097
316212,1096
316224,1097
316232,1097
316243,1097
316254,1097
316262,1098
316273,1098
316284,1097
316295,1097
316302,1098
316313,1099
316322,1100
316332,1098
316344,1098
316352,1098
316363,1098
316372,1098
316383,1099
316394,1098
316402,1098
316413,1098
316422,1099
316433,1099
316442,1099
316453,1100
316462,1100
316473,1099
316482,1098
316493,1099
316502,1098
316513,1098
316522,1098
316533,1098
316542,1098
316553,1098
316562,1097
316573,1098
316582,1098
316592,1099
316604,1100
316612,1099
316623,1098
316634,1098
316642,1100
316653,1102
316662,1103
316673,1107
316682,1108
316693,1113
316702,1115
316713,1120
316722,1122
316733,1126
316742,1127
316753,1131
316762,1132
316773,1136
316782,1136
316793,1140
316802,1141
316813,1146
316822,1147
316833,1151
316842,1153
316853,1156
316862,1157
316873,1160
316882,1161
316893,1164
316902,1164
316913,1166
316922,1167
316933,1170
316942,1172
316953,1174
316962,1176
316973,1177
316982,1178
316993,1181
317004,1186
317012,1189
317023,1194
317034,1200
317045,1206
317052,1209
317063,1213
317072,1214
317083,1216
317092,1216
317103,1217
317112,1216
317123,1216
317132,1215
317143,1214
317152,1212
317163,1207
317174,1204
317182,1202
317192,1195
317203,1191
317214,1189
317222,1187
317233,1182
317242,1180
317253,1178
317264,1174
317272,1174
317283,1171
317292,1171
317303,1169
317312,1169
317323,1167
317332,1166
317343,1161
317352,1159
317362,1158
317374,1157
317382,1155
317393,1150
317402,1149
317413,1146
317422,1145
317432,1141
317443,1140
317452,1138
317463,1133
317472,1130
317482,1127
317494,1123
317502,1121
317513,1116
317524,1111
317532,1110
317543,1107
317552,1106
317563,1104
317572,1103
317583,1103
317592,1102
317603,1101
317614,1099
317625,1100
317632,1102
317643,1102
317654,1101
317665,1101
317672,1101
317683,1101
317692,1099
317703,1099
317712,1099
317723,1099
317732,1100
317743,1100
317752,1100
317763,1100
317772,1099
317782,1100
317794,1101
317802,1100
317813,1100
317822,1099
317833,1100
317842,1098
317853,1098
317862,1098
317872,1099
317884,1101
317892,1100
317903,1099
317912,1099
317923,1100
317932,1101
317942,1102
317954,1103
317962,1106
317972,1112
317983,1115
317992,1117
318003,1122
318012,1125
318023,1130
318032,1132
318043,1136
318052,1138
318063,1142
318072,1144
318082,1146
318094,1150
318105,1152
318112,1153
318123,1157
318132,1160
318143,1164
318152,1165
318163,1167
318172,1169
318182,1171
318194,1172
318205,1173
318212,1175
318222,1178
318234,1181
318242,1182
318252,1187
318264,1195
318275,1198
318282,1199
318292,1203
318304,1207
318312,1207
318323,1207
318334,1209
318342,1210
318353,1210
318364,1207
318372,1206
318383,1203
318392,1200
318402,1196
318414,1192
318425,1185
318432,1183
318443,1181
318452,1180
318463,1176
318472,1174
318483,1172
318492,1170
318503,1168
318512,1166
318523,1164
318532,1162
318543,1160
318554,1156
318562,1155
318573,1151
318584,1148
318592,1147
318603,1143
318612,1140
318623,1135
318632,1133
318643,1128
318652,1125
318663,1119
318672,1116
318683,1111
318692,1109
318703,1106
318712,1105
318723,1103
318732,1101
318743,1101
318754,1100
318762,1100
318773,1099
318782,1100
318793,1100
318804,1099
318812,1099
318823,1099
318832,1100
318843,1100
318852,1100
318863,1100
318872,1099
318883,1100
318892,1100
318903,1100
318912,1099
318923,1099
318932,1098
318943,1099
318952,1099
318962,1099
318973,1100
318982,1100
318993,1100
319002,1099
319013,1099
319022,1098
319033,1098
319042,1098
319053,1098
319062,1098
319072,1099
319084,1100
319092,1099
319103,1099
319112,1099
319123,1102
319132,1103
319143,1107
319152,1111
319163,1118
319174,1121
319182,1126
319193,1133
319202,1139
319213,1146
319222,1148
319232,1154
319244,1158
319252,1159
319263,1163
319272,1164
319283,1166
319292,1167
319303,1168
319312,1167
319323,1165
319334,1166
319345,1166
319352,1165
319363,1163
319372,1162
319383,1162
319392,1162
319403,1162
319412,1162
319423,1162
319432,1161
319443,1162
319452,1161
319462,1163
319474,1163
319482,1164
319493,1163
319502,1163
319513,1164
319522,1165
319533,1165
319544,1164
319555,1164
319562,1164
319573,1164
319582,1164
319593,1163
319602,1163
319613,1164
319622,1164
319633,1164
319642,1163
319653,1163
319662,1164
319673,1165
319682,1164
319693,1164
319702,1163
319712,1164
319724,1164
319732,1165
319743,1164
319752,1163
319763,1164
319772,1165
319783,1166
319792,1166
319803,1164
319812,1163
319823,1163
319832,1163
319843,1164
319854,1165
319862,1165
319873,1164
319882,1163
319893,1164
319902,1165
319913,1165
319922,1165
319932,1164
319943,1164
319952,1164
319963,1164
319974,1164
319982,1164
319993,1163
320002,1163
320012,1164
320024,1164
320032,1163
320043,1162
320052,1161
320063,1160
320072,1159
320083,1159
320092,1158
320102,1157
320114,1157
320125,1154
320132,1153
320143,1152
320152,1152
320163,1150
320172,1149
320183,1147
320192,1145
320203,1143
320212,1141
320223,1139
320232,1138
320243,1136
320252,1134
320263,1132
320274,1131
320285,1128
320292,1127
320303,1126
320312,1125
320323,1123
320332,1121
320343,1117
320352,1115
320363,1113
320372,1112
320383,1110
320392,1109
320403,1107
320412,1106
320423,1105
320432,1104
320443,1104
320454,1103
320462,1102
320472,1103
320484,1103
320492,1102
320503,1101
320512,1101
320523,1102
320532,1101
320543,1101
320552,1100
320563,1100
320572,1101
320583,1101
320592,1101
320603,1100
320612,1100
320623,1100
320632,1100
320643,1100
320652,1099
320663,1098
320672,1098
320683,1100
320692,1100
320703,1099
320714,1099
320722,1099
320733,1100
320742,1099
320753,1099
320762,1098
320773,1099
320782,1099
320793,1100
320802,1099
320813,1099
320822,1099
320832,1099
320843,1100
320852,1100
320862,1101
320874,1100
320882,1100
320893,1100
320902,1099
320913,1100
320924,1101
320932,1101
320942,1101
320954,1101
320962,1100
320973,1100
320982,1099
320993,1099
321002,1098
321013,1098
321022,1098
321033,1099
321044,1098
321052,1099
321063,1099
321072,1099
321082,1099
321094,1099
321102,1099
321113,1099
321122,1099
321133,1099
321142,1099
321153,1100
321162,1099
321172,1100
321184,1100
321192,1100
321203,1100
321212,1101
321223,1101
321232,1102
321243,1102
321252,1103
321263,1105
321272,1105
321283,1107
321292,1108
321303,1110
321312,1110
321323,1111
321332,1112
321343,1114
321352,1114
321363,1114
321372,1114
321383,1115
321392,1116
321403,1117
321412,1117
321423,1118
321432,1117
321443,1118
321452,1118
321463,1119
321472,1120
321483,1122
321492,1122
321503,1122
321512,1122
321522,1122
321534,1123
321542,1123
321553,1123
321562,1124
321573,1125
321582,1125
321593,1124
321602,1124
321612,1124
321624,1125
321632,1125
321643,1125
321654,1126
321665,1126
321672,1126
321683,1125
321692,1125
321703,1125
321712,1125
321723,1126
321732,1126
321743,1126
321752,1125
321763,1124
321772,1123
321782,1122
321794,1123
321802,1123
321813,1123
321822,1122
321833,1123
321842,1123
321853,1122
321862,1122
321873,1122
321882,1122
321893,1121
321902,1120
321913,1120
321922,1119
321933,1119
321942,1118
321953,1118
321962,1118
321973,1118
321984,1117
321992,1117
322003,1117
322012,1117
322023,1117
322032,1116
322043,1115
322052,1115
322063,1115
322072,1114
322082,1113
322094,1113
322102,1113
322113,1114
322122,1112
322133,1113
322142,1113
322153,1113
322162,1113
322173,1112
322182,1113
322193,1112
322202,1112
322213,1112
322224,1112
322232,1112
322243,1112
322252,1112
322262,1112
322274,1112
322282,1112
322293,1113
322302,111
