millis,time,data,min,max
801574,0,1517,1015,1804
801585,0.011,1523,,
801596,0.022,1524,,
801604,0.03,1517,,
801615,0.041,1511,,
801626,0.052,1514,,
801634,0.06,1514,,
801645,0.071,1512,,
801656,0.082,1511,,
801664,0.09,1511,,
801675,0.101,1511,,
801686,0.112,1509,,
801694,0.12,1505,,
801705,0.131,1503,,
801716,0.142,1503,,
801724,0.15,1502,,
801735,0.161,1499,,
801746,0.172,1501,,
801754,0.18,1501,,
801765,0.191,1496,,
801776,0.202,1491,,
801784,0.21,1488,,
801795,0.221,1486,,
801806,0.232,1484,,
801814,0.24,1486,,
801825,0.251,1482,,
801836,0.262,1478,,
801844,0.27,1473,,
801855,0.281,1465,,
801866,0.292,1459,,
801876,0.302,1455,,
801884,0.31,1454,,
801895,0.321,1452,,
801906,0.332,1445,,
801914,0.34,1440,,
801925,0.351,1443,,
801936,0.362,1442,,
801944,0.37,1445,,
801955,0.381,1446,,
801966,0.392,1439,,
801974,0.4,1437,,
801985,0.411,1436,,
801996,0.422,1435,,
802004,0.43,1434,,
802015,0.441,1435,,
802025,0.451,1444,,
802036,0.462,1438,,
802044,0.47,1429,,
802055,0.481,1428,,
802066,0.492,1433,,
802074,0.5,1437,,
802085,0.511,1437,,
802096,0.522,1437,,
802104,0.53,1435,,
802115,0.541,1432,,
802126,0.552,1440,,
802134,0.56,1439,,
802145,0.571,1432,,
802156,0.582,1431,,
802164,0.59,1426,,
802175,0.601,1428,,
802186,0.612,1437,,
802194,0.62,1436,,
802205,0.631,1434,,
802216,0.642,1432,,
802224,0.65,1436,,
802235,0.661,1440,,
802246,0.672,1442,,
802254,0.68,1435,,
802265,0.691,1430,,
802276,0.702,1437,,
802284,0.71,1438,,
802295,0.721,1438,,
802306,0.732,1438,,
802314,0.74,1443,,
802325,0.751,1442,,
802336,0.762,1430,,
802344,0.77,1437,,
802355,0.781,1443,,
802366,0.792,1434,,
802374,0.8,1433,,
802385,0.811,1436,,
802396,0.822,1441,,
802406,0.832,1442,,
802414,0.84,1436,,
802425,0.851,1436,,
802436,0.862,1441,,
802444,0.87,1442,,
802455,0.881,1442,,
802466,0.892,1435,,
802474,0.9,1433,,
802485,0.911,1439,,
802496,0.922,1441,,
802504,0.93,1439,,
802515,0.941,1439,,
802526,0.952,1444,,
802534,0.96,1446,,
802545,0.971,1444,,
802556,0.982,1443,,
802564,0.99,1441,,
802575,1.001,1439,,
802586,1.012,1443,,
802594,1.02,1448,,
802605,1.031,1450,,
802616,1.042,1451,,
802624,1.05,1449,,
802635,1.061,1443,,
802646,1.072,1443,,
802654,1.08,1442,,
802665,1.091,1447,,
802676,1.102,1446,,
802684,1.11,1447,,
802695,1.121,1448,,
802706,1.132,1442,,
802714,1.14,1441,,
802725,1.151,1448,,
802736,1.162,1451,,
802744,1.17,1455,,
802755,1.181,1452,,
802766,1.192,1452,,
802774,1.2,1446,,
802785,1.211,1440,,
802796,1.222,1445,,
802804,1.23,1444,,
802815,1.241,1441,,
802826,1.252,1438,,
802834,1.26,1438,,
802845,1.271,1431,,
802856,1.282,1415,,
802864,1.29,1406,,
802875,1.301,1399,,
802886,1.312,1384,,
802894,1.32,1375,,
802905,1.331,1358,,
802916,1.342,1345,,
802924,1.35,1338,,
802935,1.361,1317,,
802945,1.371,1293,,
802956,1.382,1287,,
802966,1.392,1299,,
802974,1.4,1295,,
802985,1.411,1283,,
802996,1.422,1270,,
803004,1.43,1270,,
803015,1.441,1262,,
803026,1.452,1260,,
803034,1.46,1253,,
803045,1.471,1247,,
803056,1.482,1252,,
803064,1.49,1252,,
803075,1.501,1252,,
803086,1.512,1251,,
803094,1.52,1256,,
803105,1.531,1263,,
803116,1.542,1262,,
803124,1.55,1273,,
803135,1.561,1292,,
803146,1.572,1304,,
803154,1.58,1310,,
803165,1.591,1321,,
803176,1.602,1344,,
803184,1.61,1352,,
803195,1.621,1362,,
803206,1.632,1369,,
803214,1.64,1378,,
803225,1.651,1401,,
803236,1.662,1414,,
803244,1.67,1416,,
803255,1.681,1429,,
803266,1.692,1449,,
803274,1.7,1455,,
803285,1.711,1464,,
803296,1.722,1484,,
803304,1.73,1492,,
803315,1.741,1502,,
803326,1.752,1515,,
803334,1.76,1515,,
803345,1.771,1531,,
803356,1.782,1556,,
803364,1.79,1563,,
803375,1.801,1579,,
803386,1.812,1600,,
803394,1.82,1614,,
803405,1.831,1628,,
803416,1.842,1643,,
803424,1.85,1642,,
803435,1.861,1650,,
803446,1.872,1673,,
803454,1.88,1682,,
803465,1.891,1696,,
803476,1.902,1711,,
803484,1.91,1720,,
803495,1.921,1733,,
803506,1.932,1734,,
803514,1.94,1736,,
803525,1.951,1751,,
803536,1.962,1762,,
803544,1.97,1766,,
803555,1.981,1772,,
803566,1.992,1778,,
803574,2,1781,,
803585,2.011,1783,,
803596,2.022,1787,,
803604,2.03,1786,,
803615,2.041,1789,,
803626,2.052,1796,,
803634,2.06,1795,,
803645,2.071,1793,,
803656,2.082,1792,,
803664,2.09,1789,,
803675,2.101,1788,,
803686,2.112,1793,,
803694,2.12,1793,,
803705,2.131,1782,,
803716,2.142,1775,,
803724,2.15,1773,,
803734,2.16,1769,,
803745,2.171,1756,,
803755,2.181,1747,,
803766,2.192,1741,,
803774,2.2,1741,,
803785,2.211,1720,,
803796,2.222,1698,,
803804,2.23,1690,,
803815,2.241,1677,,
803826,2.252,1665,,
803834,2.26,1658,,
803845,2.271,1635,,
803856,2.282,1603,,
803864,2.29,1593,,
803875,2.301,1581,,
803886,2.312,1561,,
803894,2.32,1556,,
803905,2.331,1542,,
803916,2.342,1527,,
803924,2.35,1519,,
803935,2.361,1497,,
803946,2.372,1476,,
803954,2.38,1468,,
803965,2.391,1457,,
803976,2.402,1440,,
803984,2.41,1433,,
803995,2.421,1418,,
804006,2.432,1403,,
804014,2.44,1395,,
804025,2.451,1381,,
804036,2.462,1372,,
804044,2.47,1374,,
804055,2.481,1369,,
804066,2.492,1366,,
804074,2.5,1364,,
804085,2.511,1352,,
804096,2.522,1340,,
804104,2.53,1334,,
804115,2.541,1321,,
804126,2.552,1313,,
804134,2.56,1313,,
804145,2.571,1304,,
804156,2.582,1289,,
804164,2.59,1285,,
804175,2.601,1283,,
804186,2.612,1280,,
804194,2.62,1276,,
804205,2.631,1266,,
804216,2.642,1262,,
804224,2.65,1261,,
804235,2.661,1258,,
804246,2.672,1248,,
804254,2.68,1249,,
804265,2.691,1251,,
804276,2.702,1246,,
804284,2.71,1247,,
804295,2.721,1241,,
804306,2.732,1235,,
804314,2.74,1233,,
804325,2.751,1228,,
804336,2.762,1223,,
804344,2.77,1222,,
804355,2.781,1223,,
804366,2.792,1217,,
804374,2.8,1209,,
804385,2.811,1209,,
804396,2.822,1213,,
804404,2.83,1211,,
804415,2.841,1210,,
804426,2.852,1215,,
804434,2.86,1222,,
804445,2.871,1227,,
804456,2.882,1236,,
804464,2.89,1233,,
804475,2.901,1237,,
804486,2.912,1254,,
804494,2.92,1260,,
804505,2.931,1265,,
804516,2.942,1274,,
804524,2.95,1280,,
804535,2.961,1284,,
804546,2.972,1282,,
804554,2.98,1282,,
804565,2.991,1291,,
804576,3.002,1299,,
804586,3.012,1303,,
804594,3.02,1313,,
804605,3.031,1314,,
804616,3.042,1303,,
804624,3.05,1303,,
804635,3.061,1295,,
804646,3.072,1285,,
804654,3.08,1283,,
804665,3.091,1269,,
804676,3.102,1240,,
804684,3.11,1235,,
804695,3.121,1219,,
804705,3.131,1190,,
804715,3.141,1170,,
804726,3.152,1146,,
804734,3.16,1136,,
804745,3.171,1113,,
804756,3.182,1085,,
804764,3.19,1074,,
804775,3.201,1055,,
804786,3.212,1038,,
804794,3.22,1032,,
804805,3.231,1024,,
804816,3.242,1019,,
804824,3.25,1021,,
804835,3.261,1019,,
804846,3.272,1019,,
804854,3.28,1016,,
804865,3.291,1015,,
804876,3.302,1026,,
804884,3.31,1031,,
804895,3.321,1038,,
804906,3.332,1044,,
804916,3.342,1060,,
804924,3.35,1068,,
804935,3.361,1072,,
804946,3.372,1079,,
804954,3.38,1090,,
804965,3.391,1101,,
804976,3.402,1116,,
804984,3.41,1118,,
804995,3.421,1129,,
805006,3.432,1148,,
805014,3.44,1157,,
805025,3.451,1172,,
805036,3.462,1194,,
805044,3.47,1204,,
805055,3.481,1216,,
805066,3.492,1226,,
805074,3.5,1234,,
805085,3.511,1260,,
805096,3.522,1283,,
805104,3.53,1291,,
805115,3.541,1311,,
805126,3.552,1334,,
805134,3.56,1343,,
805145,3.571,1356,,
805156,3.582,1369,,
805166,3.592,1390,,
805174,3.6,1407,,
805185,3.611,1422,,
805196,3.622,1432,,
805204,3.63,1437,,
805214,3.64,1458,,
805225,3.651,1477,,
805236,3.662,1494,,
805244,3.67,1498,,
805255,3.681,1521,,
805266,3.692,1545,,
805274,3.7,1554,,
805285,3.711,1573,,
805296,3.722,1591,,
805304,3.73,1603,,
805315,3.741,1619,,
805326,3.752,1625,,
805334,3.76,1641,,
805345,3.771,1663,,
805356,3.782,1672,,
805364,3.79,1677,,
805375,3.801,1691,,
805386,3.812,1708,,
805394,3.82,1716,,
805405,3.831,1724,,
805416,3.842,1727,,
805424,3.85,1735,,
805435,3.861,1752,,
805446,3.872,1759,,
805454,3.88,1760,,
805465,3.891,1765,,
805476,3.902,1776,,
805484,3.91,1779,,
805495,3.921,1780,,
805506,3.932,1778,,
805514,3.94,1780,,
805525,3.951,1788,,
805536,3.962,1791,,
805546,3.972,1796,,
805554,3.98,1799,,
805565,3.991,1798,,
805576,4.002,1799,,
805584,4.01,1797,,
805595,4.021,1791,,
805606,4.032,1789,,
805614,4.04,1785,,
805625,4.051,1783,,
805636,4.062,1776,,
805644,4.07,1773,,
805655,4.081,1768,,
805666,4.092,1757,,
805674,4.1,1751,,
805685,4.111,1736,,
805696,4.122,1716,,
805704,4.13,1705,,
805715,4.141,1683,,
805726,4.152,1663,,
805734,4.16,1653,,
805745,4.171,1632,,
805756,4.182,1616,,
805764,4.19,1600,,
805775,4.201,1575,,
805786,4.212,1560,,
805794,4.22,1549,,
805805,4.231,1528,,
805816,4.242,1510,,
805824,4.25,1506,,
805835,4.261,1488,,
805846,4.272,1460,,
805856,4.282,1441,,
805864,4.29,1443,,
805874,4.3,1436,,
805885,4.311,1428,,
805896,4.322,1407,,
805904,4.33,1397,,
805915,4.341,1387,,
805926,4.352,1373,,
805934,4.36,1370,,
805945,4.371,1357,,
805956,4.382,1343,,
805964,4.39,1336,,
805975,4.401,1327,,
805986,4.412,1326,,
805994,4.42,1327,,
806005,4.431,1321,,
806016,4.442,1310,,
806024,4.45,1301,,
806035,4.461,1295,,
806046,4.472,1291,,
806054,4.48,1288,,
806065,4.491,1280,,
806076,4.502,1273,,
806084,4.51,1271,,
806095,4.521,1265,,
806106,4.532,1251,,
806114,4.54,1243,,
806125,4.551,1240,,
806136,4.562,1233,,
806144,4.57,1226,,
806155,4.581,1220,,
806166,4.592,1220,,
806174,4.6,1219,,
806185,4.611,1211,,
806196,4.622,1201,,
806204,4.63,1200,,
806215,4.641,1208,,
806226,4.652,1206,,
806236,4.662,1198,,
806244,4.67,1192,,
806255,4.681,1190,,
806266,4.692,1192,,
806274,4.7,1192,,
806285,4.711,1196,,
806296,4.722,1204,,
806304,4.73,1208,,
806315,4.741,1211,,
806325,4.751,1206,,
806336,4.762,1210,,
806344,4.77,1224,,
806355,4.781,1245,,
806366,4.792,1247,,
806374,4.8,1257,,
806385,4.811,1269,,
806396,4.822,1268,,
806404,4.83,1267,,
806415,4.841,1268,,
806426,4.852,1268,,
806434,4.86,1265,,
806445,4.871,1248,,
806456,4.882,1227,,
806464,4.89,1217,,
806475,4.901,1202,,
806486,4.912,1179,,
806494,4.92,1170,,
806505,4.931,1142,,
806516,4.942,1114,,
806524,4.95,1101,,
806535,4.961,1081,,
806546,4.972,1065,,
806554,4.98,1065,,
806565,4.991,1061,,
806576,5.002,1051,,
806584,5.01,1053,,
806595,5.021,1052,,
806606,5.032,1049,,
806614,5.04,1046,,
806625,5.051,1044,,
806636,5.062,1044,,
806644,5.07,1047,,
806655,5.081,1051,,
806666,5.092,1059,,
806674,5.1,1060,,
806685,5.111,1058,,
806696,5.122,1060,,
806704,5.13,1063,,
806714,5.14,1071,,
806725,5.151,1075,,
806736,5.162,1089,,
806744,5.17,1105,,
806755,5.181,1115,,
806766,5.192,1130,,
806774,5.2,1141,,
806785,5.211,1160,,
806795,5.221,1174,,
806806,5.232,1186,,
806814,5.24,1195,,
806825,5.251,1217,,
806835,5.261,1243,,
806846,5.272,1250,,
806854,5.28,1254,,
806865,5.291,1273,,
806876,5.302,1294,,
806884,5.31,1311,,
806895,5.321,1330,,
806906,5.332,1343,,
806914,5.34,1353,,
806925,5.351,1371,,
806936,5.362,1398,,
806944,5.37,1408,,
806955,5.381,1420,,
806966,5.392,1437,,
806974,5.4,1449,,
806985,5.411,1469,,
806996,5.422,1488,,
807004,5.43,1497,,
807015,5.441,1514,,
807026,5.452,1533,,
807034,5.46,1547,,
807045,5.471,1563,,
807056,5.482,1581,,
807064,5.49,1581,,
807075,5.501,1593,,
807086,5.512,1618,,
807094,5.52,1627,,
807105,5.531,1641,,
807116,5.542,1657,,
807124,5.55,1668,,
807135,5.561,1680,,
807146,5.572,1682,,
807154,5.58,1695,,
807165,5.591,1714,,
807176,5.602,1719,,
807184,5.61,1723,,
807194,5.62,1732,,
807205,5.631,1744,,
807216,5.642,1751,,
807224,5.65,1754,,
807235,5.661,1763,,
807246,5.672,1768,,
807254,5.68,1775,,
807265,5.691,1781,,
807276,5.702,1774,,
807284,5.71,1772,,
807295,5.721,1784,,
807306,5.732,1791,,
807314,5.74,1790,,
807325,5.751,1791,,
807336,5.762,1793,,
807344,5.77,1793,,
807355,5.781,1784,,
807365,5.791,1760,,
807376,5.802,1757,,
807384,5.81,1760,,
807395,5.821,1753,,
807406,5.832,1747,,
807414,5.84,1737,,
807425,5.851,1722,,
807436,5.862,1712,,
807444,5.87,1703,,
807455,5.881,1690,,
807466,5.892,1682,,
807474,5.9,1676,,
807485,5.911,1657,,
807496,5.922,1635,,
807504,5.93,1626,,
807515,5.941,1618,,
807526,5.952,1604,,
807534,5.96,1593,,
807545,5.971,1579,,
807556,5.982,1568,,
807564,5.99,1558,,
807575,6.001,1545,,
807586,6.012,1538,,
807594,6.02,1531,,
807605,6.031,1515,,
807616,6.042,1500,,
807624,6.05,1488,,
807635,6.061,1476,,
807646,6.072,1468,,
807654,6.08,1460,,
807665,6.091,1449,,
807676,6.102,1443,,
807684,6.11,1440,,
807695,6.121,1427,,
807706,6.132,1418,,
807714,6.14,1410,,
807725,6.151,1406,,
807736,6.162,1402,,
807744,6.17,1396,,
807755,6.181,1384,,
807766,6.192,1374,,
807774,6.2,1374,,
807785,6.211,1368,,
807796,6.222,1366,,
807804,6.23,1363,,
807815,6.241,1357,,
807826,6.252,1352,,
807834,6.26,1348,,
807845,6.271,1343,,
807856,6.282,1338,,
807864,6.29,1336,,
807875,6.301,1331,,
807886,6.312,1317,,
807894,6.32,1317,,
807905,6.331,1324,,
807916,6.342,1321,,
807924,6.35,1325,,
807935,6.361,1323,,
807946,6.372,1317,,
807954,6.38,1312,,
807965,6.391,1300,,
807976,6.402,1293,,
807986,6.412,1289,,
807994,6.42,1288,,
808005,6.431,1280,,
808016,6.442,1266,,
808024,6.45,1260,,
808035,6.461,1261,,
808046,6.472,1260,,
808054,6.48,1255,,
808065,6.491,1251,,
808076,6.502,1253,,
808084,6.51,1250,,
808095,6.521,1248,,
808106,6.532,1244,,
808114,6.54,1242,,
808125,6.551,1241,,
808136,6.562,1235,,
808144,6.57,1227,,
808155,6.581,1227,,
808166,6.592,1232,,
808174,6.6,1231,,
808185,6.611,1228,,
808196,6.622,1231,,
808204,6.63,1234,,
808215,6.641,1236,,
808226,6.652,1243,,
808234,6.66,1253,,
808245,6.671,1253,,
808256,6.682,1252,,
808264,6.69,1257,,
808275,6.701,1264,,
808286,6.712,1268,,
808294,6.72,1274,,
808305,6.731,1279,,
808316,6.742,1276,,
808326,6.752,1275,,
808334,6.76,1277,,
808345,6.771,1285,,
808356,6.782,1302,,
808364,6.79,1299,,
808375,6.801,1299,,
808386,6.812,1306,,
808394,6.82,1308,,
808405,6.831,1310,,
808416,6.842,1312,,
808424,6.85,1314,,
808435,6.861,1306,,
808446,6.872,1291,,
808454,6.88,1284,,
808465,6.891,1280,,
808476,6.902,1274,,
808484,6.91,1272,,
808495,6.921,1259,,
808506,6.932,1241,,
808514,6.94,1235,,
808525,6.951,1219,,
808536,6.962,1208,,
808544,6.97,1202,,
808555,6.981,1178,,
808566,6.992,1160,,
808576,7.002,1154,,
808584,7.01,1145,,
808594,7.02,1134,,
808605,7.031,1120,,
808616,7.042,1113,,
808624,7.05,1107,,
808635,7.061,1094,,
808646,7.072,1094,,
808654,7.08,1094,,
808665,7.091,1092,,
808676,7.102,1089,,
808684,7.11,1093,,
808695,7.121,1094,,
808706,7.132,1093,,
808714,7.14,1090,,
808725,7.151,1091,,
808736,7.162,1095,,
808744,7.17,1095,,
808755,7.181,1099,,
808766,7.192,1109,,
808776,7.202,1118,,
808784,7.21,1116,,
808795,7.221,1122,,
808806,7.232,1133,,
808814,7.24,1143,,
808825,7.251,1152,,
808836,7.262,1151,,
808844,7.27,1162,,
808855,7.281,1179,,
808866,7.292,1184,,
808874,7.3,1190,,
808885,7.311,1203,,
808895,7.321,1219,,
808906,7.332,1232,,
808914,7.34,1235,,
808925,7.351,1245,,
808936,7.362,1260,,
808944,7.37,1265,,
808955,7.381,1278,,
808966,7.392,1298,,
808974,7.4,1304,,
808985,7.411,1316,,
808996,7.422,1333,,
809004,7.43,1346,,
809014,7.44,1360,,
809025,7.451,1370,,
809036,7.462,1386,,
809044,7.47,1392,,
809055,7.481,1407,,
809066,7.492,1423,,
809074,7.5,1436,,
809085,7.511,1452,,
809096,7.522,1455,,
809104,7.53,1459,,
809115,7.541,1485,,
809126,7.552,1510,,
809134,7.56,1516,,
809145,7.571,1526,,
809156,7.582,1548,,
809164,7.59,1557,,
809175,7.601,1570,,
809186,7.612,1577,,
809194,7.62,1584,,
809205,7.631,1605,,
809216,7.642,1622,,
809224,7.65,1633,,
809234,7.66,1643,,
809245,7.671,1648,,
809256,7.682,1661,,
809264,7.69,1669,,
809275,7.701,1681,,
809286,7.712,1698,,
809294,7.72,1705,,
809305,7.731,1713,,
809315,7.741,1705,,
809326,7.752,1705,,
809334,7.76,1721,,
809345,7.771,1745,,
809356,7.782,1738,,
809364,7.79,1750,,
809375,7.801,1762,,
809386,7.812,1757,,
809394,7.82,1758,,
809405,7.831,1762,,
809416,7.842,1768,,
809424,7.85,1770,,
809435,7.861,1765,,
809445,7.871,1741,,
809456,7.882,1738,,
809464,7.89,1747,,
809475,7.901,1738,,
809486,7.912,1711,,
809494,7.92,1699,,
809505,7.931,1693,,
809516,7.942,1682,,
809524,7.95,1674,,
809535,7.961,1660,,
809546,7.972,1645,,
809554,7.98,1638,,
809565,7.991,1619,,
809576,8.002,1594,,
809584,8.01,1588,,
809595,8.021,1577,,
809606,8.032,1560,,
809614,8.04,1559,,
809625,8.051,1545,,
809636,8.062,1528,,
809644,8.07,1519,,
809655,8.081,1500,,
809666,8.092,1481,,
809674,8.1,1473,,
809685,8.111,1462,,
809696,8.122,1449,,
809706,8.132,1445,,
809714,8.14,1446,,
809725,8.151,1436,,
809736,8.162,1424,,
809744,8.17,1424,,
809755,8.181,1412,,
809766,8.192,1398,,
809774,8.2,1392,,
809785,8.211,1386,,
809796,8.222,1389,,
809804,8.23,1387,,
809815,8.241,1376,,
809826,8.252,1377,,
809834,8.26,1369,,
809845,8.271,1358,,
809856,8.282,1363,,
809864,8.29,1360,,
809875,8.301,1352,,
809885,8.311,1346,,
809896,8.322,1336,,
809904,8.33,1330,,
809915,8.341,1318,,
809926,8.352,1311,,
809934,8.36,1310,,
809945,8.371,1313,,
809956,8.382,1315,,
809964,8.39,1307,,
809975,8.401,1299,,
809986,8.412,1297,,
809994,8.42,1293,,
810005,8.431,1290,,
810016,8.442,1284,,
810024,8.45,1285,,
810035,8.461,1277,,
810046,8.472,1275,,
810054,8.48,1266,,
810065,8.491,1254,,
810076,8.502,1251,,
810084,8.51,1248,,
810095,8.521,1242,,
810106,8.532,1237,,
810114,8.54,1240,,
810125,8.551,1235,,
810136,8.562,1221,,
810144,8.57,1216,,
810155,8.581,1221,,
810166,8.592,1222,,
810174,8.6,1220,,
810185,8.611,1221,,
810196,8.622,1228,,
810204,8.63,1230,,
810215,8.641,1230,,
810226,8.652,1229,,
810234,8.66,1235,,
810245,8.671,1247,,
810256,8.682,1253,,
810264,8.69,1261,,
810275,8.701,1267,,
810286,8.712,1275,,
810294,8.72,1279,,
810305,8.731,1281,,
810316,8.742,1292,,
810324,8.75,1296,,
810335,8.761,1295,,
810346,8.772,1302,,
810354,8.78,1305,,
810365,8.791,1303,,
810376,8.802,1307,,
810384,8.81,1309,,
810395,8.821,1311,,
810406,8.832,1315,,
810414,8.84,1322,,
810424,8.85,1323,,
810435,8.861,1324,,
810446,8.872,1325,,
810456,8.882,1325,,
810464,8.89,1327,,
810475,8.901,1330,,
810486,8.912,1334,,
810494,8.92,1337,,
810505,8.931,1339,,
810516,8.942,1341,,
810524,8.95,1341,,
810535,8.961,1342,,
810546,8.972,1349,,
810554,8.98,1350,,
810565,8.991,1347,,
810576,9.002,1346,,
810584,9.01,1348,,
810595,9.021,1353,,
810606,9.032,1355,,
810614,9.04,1350,,
810625,9.051,1351,,
810636,9.062,1358,,
810644,9.07,1358,,
810655,9.081,1359,,
810666,9.092,1358,,
810674,9.1,1361,,
810685,9.111,1365,,
810696,9.122,1370,,
810704,9.13,1364,,
810715,9.141,1359,,
810726,9.152,1364,,
810734,9.16,1364,,
810745,9.171,1367,,
810756,9.182,1368,,
810764,9.19,1373,,
810775,9.201,1372,,
810786,9.212,1370,,
810794,9.22,1364,,
810805,9.231,1361,,
810816,9.242,1362,,
810824,9.25,1360,,
810835,9.261,1357,,
810846,9.272,1358,,
810854,9.28,1358,,
810865,9.291,1353,,
810876,9.302,1344,,
810884,9.31,1341,,
810895,9.321,1348,,
810906,9.332,1351,,
810914,9.34,1355,,
810925,9.351,1356,,
810936,9.362,1356,,
810944,9.37,1355,,
810955,9.381,1350,,
810966,9.392,1347,,
810974,9.4,1344,,
810985,9.411,1347,,
810996,9.422,1343,,
811004,9.43,1343,,
811015,9.441,1341,,
811026,9.452,1340,,
811034,9.46,1339,,
811044,9.47,1339,,
811055,9.481,1335,,
811066,9.492,1335,,
811074,9.5,1340,,
811085,9.511,1342,,
811096,9.522,1341,,
811104,9.53,1341,,
811115,9.541,1341,,
811126,9.552,1335,,
811134,9.56,1334,,
811145,9.571,1329,,
811156,9.582,1322,,
811164,9.59,1319,,
811175,9.601,1314,,
811186,9.612,1311,,
811194,9.62,1313,,
811205,9.631,1304,,
811216,9.642,1294,,
811224,9.65,1287,,
811235,9.661,1287,,
811246,9.672,1293,,
811254,9.68,1293,,
811265,9.691,1294,,
811276,9.702,1295,,
811284,9.71,1299,,
811295,9.721,1298,,
811306,9.732,1285,,
811314,9.74,1289,,
811325,9.751,1292,,
811336,9.762,1284,,
811344,9.77,1279,,
811355,9.781,1272,,
811366,9.792,1276,,
811374,9.8,1277,,
811385,9.811,1269,,
811396,9.822,1261,,
811404,9.83,1262,,
811415,9.841,1264,,
811426,9.852,1260,,
811434,9.86,1256,,
811445,9.871,1254,,
811456,9.882,1257,,
811464,9.89,1255,,
811475,9.901,1252,,
811486,9.912,1258,,
811494,9.92,1258,,
811505,9.931,1253,,
811516,9.942,1252,,
811524,9.95,1246,,
811535,9.961,1249,,
811546,9.972,1256,,
811554,9.98,1254,,
811565,9.991,1253,,
811576,10.002,1253,,
811584,10.01,1258,,
811595,10.021,1260,,
811606,10.032,1263,,
811614,10.04,1258,,
811625,10.051,1256,,
811636,10.062,1262,,
811644,10.07,1265,,
811655,10.081,1267,,
811666,10.092,1267,,
811674,10.1,1268,,
811685,10.111,1269,,
811696,10.122,1272,,
811704,10.13,1269,,
811715,10.141,1270,,
811726,10.152,1274,,
811734,10.16,1273,,
811745,10.171,1276,,
811756,10.182,1283,,
811764,10.19,1288,,
811775,10.201,1287,,
811786,10.212,1280,,
811794,10.22,1284,,
811805,10.231,1293,,
811816,10.242,1293,,
811826,10.252,1306,,
811834,10.26,1302,,
811845,10.271,1300,,
811856,10.282,1301,,
811864,10.29,1307,,
811875,10.301,1309,,
811886,10.312,1310,,
811894,10.32,1313,,
811905,10.331,1310,,
811916,10.342,1306,,
811924,10.35,1310,,
811935,10.361,1321,,
811945,10.371,1324,,
811956,10.382,1330,,
811964,10.39,1327,,
811975,10.401,1326,,
811986,10.412,1335,,
811994,10.42,1337,,
812005,10.431,1340,,
812016,10.442,1345,,
812024,10.45,1347,,
812035,10.461,1346,,
812046,10.472,1341,,
812054,10.48,1343,,
812065,10.491,1353,,
812076,10.502,1354,,
812084,10.51,1360,,
812095,10.521,1362,,
812106,10.532,1362,,
812116,10.542,1362,,
812124,10.55,1362,,
812135,10.561,1364,,
812146,10.572,1368,,
812156,10.582,1373,,
812164,10.59,1367,,
812175,10.601,1368,,
812186,10.612,1374,,
812194,10.62,1379,,
812205,10.631,1380,,
812216,10.642,1381,,
812224,10.65,1388,,
812235,10.661,1388,,
812246,10.672,1383,,
812254,10.68,1383,,
812265,10.691,1385,,
812276,10.702,1395,,
812284,10.71,1398,,
812295,10.721,1396,,
812306,10.732,1389,,
812314,10.74,1392,,
812325,10.751,1401,,
812336,10.762,1403,,
812344,10.77,1411,,
812355,10.781,1411,,
812366,10.792,1414,,
812374,10.8,1415,,
812385,10.811,1412,,
812396,10.822,1411,,
812404,10.83,1415,,
812415,10.841,1421,,
812426,10.852,1428,,
812434,10.86,1423,,
812445,10.871,1418,,
812456,10.882,1428,,
812464,10.89,1429,,
812475,10.901,1431,,
812486,10.912,1439,,
812494,10.92,1444,,
812505,10.931,1443,,
812516,10.942,1440,,
812524,10.95,1435,,
812535,10.961,1443,,
812546,10.972,1453,,
812554,10.98,1455,,
812565,10.991,1457,,
812576,11.002,1459,,
812584,11.01,1463,,
812595,11.021,1465,,
812606,11.032,1458,,
812614,11.04,1466,,
812624,11.05,1472,,
812635,11.061,1467,,
812646,11.072,1476,,
812654,11.08,1469,,
812665,11.091,1466,,
812676,11.102,1474,,
812684,11.11,1476,,
812695,11.121,1478,,
812706,11.132,1481,,
812716,11.142,1490,,
812724,11.15,1490,,
812735,11.161,1488,,
812746,11.172,1488,,
812754,11.18,1492,,
812765,11.191,1493,,
812775,11.201,1501,,
812786,11.212,1503,,
812794,11.22,1501,,
812805,11.231,1502,,
812816,11.242,1501,,
812824,11.25,1505,,
812835,11.261,1509,,
812846,11.272,1511,,
812854,11.28,1517,,
812865,11.291,1517,,
812876,11.302,1517,,
812884,11.31,1520,,
812895,11.321,1521,,
812906,11.332,1527,,
812914,11.34,1521,,
812925,11.351,1517,,
812936,11.362,1524,,
812944,11.37,1525,,
812955,11.381,1527,,
812966,11.392,1530,,
812974,11.4,1534,,
812985,11.411,1536,,
812996,11.422,1526,,
813004,11.43,1534,,
813015,11.441,1542,,
813026,11.452,1537,,
813034,11.46,1536,,
813045,11.471,1538,,
813056,11.482,1545,,
813064,11.49,1547,,
813075,11.501,1545,,
813086,11.512,1535,,
813094,11.52,1538,,
813105,11.531,1547,,
813116,11.542,1546,,
813124,11.55,1553,,
813135,11.561,1553,,
813146,11.572,1552,,
813156,11.582,1551,,
813164,11.59,1546,,
813175,11.601,1549,,
813186,11.612,1557,,
813194,11.62,1559,,
813205,11.631,1556,,
813216,11.642,1550,,
813224,11.65,1552,,
813235,11.661,1561,,
813246,11.672,1563,,
813254,11.68,1561,,
813265,11.691,1561,,
813276,11.702,1571,,
813284,11.71,1570,,
813295,11.721,1568,,
813306,11.732,1566,,
813314,11.74,1572,,
813324,11.75,1577,,
813335,11.761,1575,,
813346,11.772,1569,,
813354,11.78,1573,,
813365,11.791,1581,,
813376,11.802,1582,,
813384,11.81,1589,,
813395,11.821,1590,,
813406,11.832,1586,,
813414,11.84,1586,,
813424,11.85,1587,,
813435,11.861,1591,,
813446,11.872,1596,,
813454,11.88,1597,,
813465,11.891,1595,,
813476,11.902,1596,,
813484,11.91,1598,,
813495,11.921,1598,,
813505,11.931,1600,,
813516,11.942,1605,,
813524,11.95,1601,,
813535,11.961,1599,,
813546,11.972,1604,,
813554,11.98,1610,,
813565,11.991,1613,,
813576,12.002,1614,,
813584,12.01,1616,,
813595,12.021,1612,,
813606,12.032,1604,,
813614,12.04,1604,,
813625,12.051,1613,,
813636,12.062,1617,,
813644,12.07,1623,,
813655,12.081,1622,,
813666,12.092,1616,,
813674,12.1,1615,,
813685,12.111,1618,,
813696,12.122,1618,,
813704,12.13,1618,,
813715,12.141,1624,,
813726,12.152,1622,,
813734,12.16,1624,,
813745,12.171,1628,,
813756,12.182,1628,,
813764,12.19,1628,,
813775,12.201,1628,,
813786,12.212,1631,,
813794,12.22,1634,,
813805,12.231,1635,,
813816,12.242,1639,,
813824,12.25,1633,,
813835,12.261,1628,,
813846,12.272,1633,,
813854,12.28,1636,,
813864,12.29,1641,,
813875,12.301,1635,,
813886,12.312,1636,,
813894,12.32,1642,,
813905,12.331,1642,,
813916,12.342,1644,,
813924,12.35,1648,,
813935,12.361,1649,,
813945,12.371,1660,,
813956,12.382,1656,,
813964,12.39,1651,,
813974,12.4,1651,,
813985,12.411,1648,,
813996,12.422,1642,,
814004,12.43,1643,,
814015,12.441,1652,,
814026,12.452,1657,,
814034,12.46,1662,,
814045,12.471,1663,,
814056,12.482,1660,,
814064,12.49,1659,,
814075,12.501,1660,,
814086,12.512,1659,,
814094,12.52,1661,,
814105,12.531,1664,,
814116,12.542,1662,,
814124,12.55,1657,,
814135,12.561,1661,,
814146,12.572,1670,,
814154,12.58,1670,,
814165,12.591,1669,,
814176,12.602,1669,,
814184,12.61,1675,,
814195,12.621,1679,,
814206,12.632,1682,,
814214,12.64,1684,,
814225,12.651,1679,,
814236,12.662,1676,,
814244,12.67,1678,,
814255,12.681,1683,,
814266,12.692,1684,,
814274,12.7,1682,,
814285,12.711,1683,,
814296,12.722,1690,,
814304,12.73,1688,,
814315,12.741,1686,,
814326,12.752,1690,,
814334,12.76,1690,,
814345,12.771,1693,,
814356,12.782,1696,,
814364,12.79,1698,,
814375,12.801,1698,,
814386,12.812,1692,,
814394,12.82,1696,,
814405,12.831,1704,,
814415,12.841,1703,,
814426,12.852,1708,,
814434,12.86,1704,,
814445,12.871,1701,,
814456,12.882,1708,,
814464,12.89,1713,,
814475,12.901,1717,,
814486,12.912,1718,,
814494,12.92,1720,,
814504,12.93,1718,,
814515,12.941,1714,,
814526,12.952,1715,,
814534,12.96,1718,,
814545,12.971,1719,,
814556,12.982,1725,,
814564,12.99,1723,,
814575,13.001,1722,,
814586,13.012,1727,,
814594,13.02,1727,,
814605,13.031,1728,,
814616,13.042,1736,,
814624,13.05,1738,,
814635,13.061,1736,,
814646,13.072,1738,,
814654,13.08,1735,,
814665,13.091,1737,,
814676,13.102,1742,,
814684,13.11,1749,,
814695,13.121,1748,,
814706,13.132,1744,,
814714,13.14,1746,,
814725,13.151,1749,,
814736,13.162,1743,,
814744,13.17,1744,,
814755,13.181,1750,,
814766,13.192,1750,,
814774,13.2,1753,,
814785,13.211,1754,,
814796,13.222,1755,,
814804,13.23,1754,,
814815,13.241,1753,,
814826,13.252,1752,,
814834,13.26,1755,,
814845,13.271,1758,,
814856,13.282,1754,,
814864,13.29,1755,,
814875,13.301,1757,,
814886,13.312,1753,,
814894,13.32,1755,,
814905,13.331,1757,,
814916,13.342,1757,,
814926,13.352,1766,,
814934,13.36,1769,,
814945,13.371,1766,,
814956,13.382,1756,,
814964,13.39,1760,,
814975,13.401,1763,,
814986,13.412,1765,,
814994,13.42,1759,,
815005,13.431,1753,,
815016,13.442,1757,,
815024,13.45,1758,,
815034,13.46,1761,,
815045,13.471,1764,,
815056,13.482,1766,,
815064,13.49,1760,,
815075,13.501,1761,,
815086,13.512,1760,,
815094,13.52,1763,,
815105,13.531,1768,,
815115,13.541,1775,,
815126,13.552,1768,,
815134,13.56,1764,,
815145,13.571,1766,,
815156,13.582,1763,,
815164,13.59,1765,,
815175,13.601,1768,,
815186,13.612,1769,,
815194,13.62,1768,,
815205,13.631,1766,,
815216,13.642,1763,,
815224,13.65,1765,,
815235,13.661,1770,,
815246,13.672,1776,,
815254,13.68,1770,,
815265,13.691,1765,,
815276,13.702,1768,,
815284,13.71,1771,,
815295,13.721,1775,,
815306,13.732,1773,,
815314,13.74,1777,,
815325,13.751,1775,,
815336,13.762,1774,,
815344,13.77,1771,,
815355,13.781,1768,,
815366,13.792,1771,,
815374,13.8,1771,,
815385,13.811,1772,,
815396,13.822,1779,,
815404,13.83,1780,,
815415,13.841,1778,,
815426,13.852,1769,,
815434,13.86,1766,,
815445,13.871,1774,,
815456,13.882,1777,,
815464,13.89,1782,,
815475,13.901,1782,,
815486,13.912,1777,,
815494,13.92,1774,,
815505,13.931,1775,,
815516,13.942,1775,,
815524,13.95,1774,,
815535,13.961,1779,,
815546,13.972,1780,,
815554,13.98,1782,,
815565,13.991,1783,,
815576,14.002,1778,,
815584,14.01,1777,,
815595,14.021,1780,,
815606,14.032,1777,,
815614,14.04,1778,,
815625,14.051,1782,,
815635,14.061,1792,,
815646,14.072,1786,,
815654,14.08,1781,,
815665,14.091,1782,,
815675,14.101,1781,,
815686,14.112,1790,,
815694,14.12,1788,,
815705,14.131,1779,,
815716,14.142,1784,,
815724,14.15,1790,,
815735,14.161,1789,,
815746,14.172,1782,,
815754,14.18,1780,,
815765,14.191,1782,,
815776,14.202,1780,,
815784,14.21,1779,,
815795,14.221,1784,,
815806,14.232,1785,,
815814,14.24,1787,,
815825,14.251,1788,,
815836,14.262,1788,,
815844,14.27,1788,,
815855,14.281,1784,,
815866,14.292,1783,,
815874,14.3,1788,,
815885,14.311,1792,,
815896,14.322,1786,,
815904,14.33,1787,,
815915,14.341,1788,,
815926,14.352,1784,,
815934,14.36,1785,,
815945,14.371,1787,,
815956,14.382,1788,,
815964,14.39,1787,,
815975,14.401,1786,,
815986,14.412,1788,,
815994,14.42,1783,,
816005,14.431,1784,,
816016,14.442,1788,,
816024,14.45,1786,,
816035,14.461,1787,,
816046,14.472,1793,,
816054,14.48,1794,,
816065,14.491,1790,,
816076,14.502,1780,,
816086,14.512,1787,,
816094,14.52,1798,,
816105,14.531,1794,,
816116,14.542,1788,,
816124,14.55,1783,,
816135,14.561,1783,,
816146,14.572,1786,,
816154,14.58,1790,,
816165,14.591,1792,,
816176,14.602,1790,,
816184,14.61,1785,,
816195,14.621,1779,,
816206,14.632,1775,,
816214,14.64,1772,,
816225,14.651,1778,,
816236,14.662,1780,,
816244,14.67,1784,,
816255,14.681,1783,,
816266,14.692,1773,,
816274,14.7,1771,,
816285,14.711,1772,,
816296,14.722,1768,,
816304,14.73,1768,,
816315,14.741,1770,,
816326,14.752,1767,,
816334,14.76,1769,,
816345,14.771,1767,,
816356,14.782,1765,,
816364,14.79,1763,,
816375,14.801,1759,,
816386,14.812,1754,,
816394,14.82,1757,,
816405,14.831,1759,,
816416,14.842,1760,,
816424,14.85,1760,,
816435,14.861,1752,,
816446,14.872,1746,,
816454,14.88,1746,,
816465,14.891,1748,,
816476,14.902,1744,,
816484,14.91,1741,,
816495,14.921,1740,,
816506,14.932,1740,,
816514,14.94,1735,,
816525,14.951,1733,,
816536,14.962,1735,,
816544,14.97,1734,,
816555,14.981,1734,,
816566,14.992,1735,,
816574,15,1730,,
816584,15.01,1726,,
816594,15.02,1743,,
816605,15.031,1745,,
816616,15.042,1729,,
816624,15.05,1724,,
816635,15.061,1721,,
816646,15.072,1718,,
816654,15.08,1719,,
816665,15.091,1721,,
816676,15.102,1723,,
816684,15.11,1725,,
816695,15.121,1717,,
816705,15.131,1708,,
816716,15.142,1706,,
816724,15.15,1702,,
816735,15.161,1705,,
816746,15.172,1713,,
816754,15.18,1713,,
816765,15.191,1710,,
816776,15.202,1706,,
816784,15.21,1710,,
816795,15.221,1714,,
816806,15.232,1706,,
816814,15.24,1706,,
816824,15.25,1709,,
816835,15.261,1711,,
816846,15.272,1707,,
816854,15.28,1697,,
816865,15.291,1696,,
816876,15.302,1697,,
816884,15.31,1696,,
816895,15.321,1698,,
816906,15.332,1696,,
816914,15.34,1700,,
816925,15.351,1701,,
816936,15.362,1702,,
816944,15.37,1703,,
816955,15.381,1699,,
816966,15.392,1697,,
816974,15.4,1700,,
816985,15.411,1703,,
816996,15.422,1699,,
817004,15.43,1699,,
817015,15.441,1699,,
817026,15.452,1701,,
817034,15.46,1697,,
817045,15.471,1696,,
817055,15.481,1699,,
817066,15.492,1697,,
817074,15.5,1698,,
817085,15.511,1701,,
817096,15.522,1699,,
817104,15.53,1700,,
817115,15.541,1701,,
817126,15.552,1701,,
817134,15.56,1706,,
817145,15.571,1705,,
817156,15.582,1703,,
817164,15.59,1698,,
817175,15.601,1697,,
817186,15.612,1702,,
817194,15.62,1701,,
817205,15.631,1700,,
817216,15.642,1703,,
817224,15.65,1704,,
817235,15.661,1701,,
817246,15.672,1699,,
817256,15.682,1694,,
817264,15.69,1697,,
817275,15.701,1702,,
817286,15.712,1702,,
817294,15.72,1708,,
817305,15.731,1705,,
817316,15.742,1698,,
817324,15.75,1697,,
817335,15.761,1697,,
817346,15.772,1702,,
817354,15.78,1697,,
817365,15.791,1694,,
817376,15.802,1698,,
817384,15.81,1695,,
817395,15.821,1695,,
817406,15.832,1697,,
817414,15.84,1695,,
817425,15.851,1694,,
817436,15.862,1694,,
817444,15.87,1690,,
817455,15.881,1691,,
817466,15.892,1697,,
817474,15.9,1697,,
817485,15.911,1691,,
817496,15.922,1689,,
817504,15.93,1690,,
817515,15.941,1689,,
817526,15.952,1688,,
817534,15.96,1689,,
817545,15.971,1685,,
817556,15.982,1681,,
817564,15.99,1683,,
817575,16.001,1684,,
817586,16.012,1681,,
817594,16.02,1680,,
817605,16.031,1682,,
817616,16.042,1678,,
817624,16.05,1678,,
817635,16.061,1679,,
817646,16.072,1675,,
817654,16.08,1679,,
817665,16.091,1680,,
817676,16.102,1678,,
817684,16.11,1673,,
817695,16.121,1672,,
817706,16.132,1675,,
817714,16.14,1674,,
817725,16.151,1674,,
817736,16.162,1676,,
817744,16.17,1678,,
817755,16.181,1673,,
817766,16.192,1672,,
817774,16.2,1668,,
817785,16.211,1664,,
817796,16.222,1667,,
817804,16.23,1666,,
817815,16.241,1666,,
817826,16.252,1665,,
817834,16.26,1661,,
817845,16.271,1660,,
817856,16.282,1657,,
817864,16.29,1655,,
817875,16.301,1657,,
817885,16.311,1658,,
817896,16.322,1667,,
817904,16.33,1663,,
817915,16.341,1653,,
817926,16.352,1655,,
817934,16.36,1653,,
817945,16.371,1652,,
817956,16.382,1651,,
817964,16.39,1648,,
817975,16.401,1650,,
817986,16.412,1656,,
817994,16.42,1655,,
818005,16.431,1649,,
818016,16.442,1654,,
818024,16.45,1655,,
818035,16.461,1648,,
818046,16.472,1646,,
818054,16.48,1645,,
818064,16.49,1644,,
818074,16.5,1653,,
818085,16.511,1651,,
818096,16.522,1640,,
818104,16.53,1637,,
818115,16.541,1636,,
818126,16.552,1639,,
818134,16.56,1639,,
818145,16.571,1633,,
818156,16.582,1625,,
818164,16.59,1622,,
818175,16.601,1627,,
818186,16.612,1627,,
818194,16.62,1632,,
818205,16.631,1631,,
818216,16.642,1628,,
818224,16.65,1625,,
818235,16.661,1620,,
818246,16.672,1617,,
818254,16.68,1617,,
818265,16.691,1619,,
818276,16.702,1618,,
818284,16.71,1620,,
818295,16.721,1619,,
818306,16.732,1617,,
818314,16.74,1616,,
818325,16.751,1615,,
818336,16.762,1614,,
818344,16.77,1617,,
818355,16.781,1619,,
818366,16.792,1619,,
818374,16.8,1614,,
818385,16.811,1610,,
818396,16.822,1612,,
818404,16.83,1612,,
818415,16.841,1613,,
818426,16.852,1613,,
818434,16.86,1617,,
818445,16.871,1616,,
818456,16.882,1612,,
818464,16.89,1616,,
818475,16.901,1612,,
818486,16.912,1606,,
818494,16.92,1606,,
818505,16.931,1606,,
818516,16.942,1609,,
818524,16.95,1612,,
818535,16.961,1608,,
818546,16.972,1607,,
818554,16.98,1605,,
818565,16.991,1602,,
818576,17.002,1604,,
818584,17.01,1602,,
818595,17.021,1601,,
818606,17.032,1601,,
818614,17.04,1597,,
818625,17.051,1599,,
818636,17.062,1599,,
818644,17.07,1600,,
818655,17.081,1601,,
818666,17.092,1600,,
818674,17.1,1601,,
818685,17.111,1600,,
818696,17.122,1598,,
818704,17.13,1598,,
818715,17.141,1595,,
818726,17.152,1592,,
818734,17.16,1595,,
818745,17.171,1597,,
818756,17.182,1597,,
818764,17.19,1591,,
818775,17.201,1586,,
818785,17.211,1586,,
818796,17.222,1584,,
818804,17.23,1586,,
818815,17.241,1587,,
818826,17.252,1588,,
818834,17.26,1587,,
818845,17.271,1585,,
818856,17.282,1583,,
818864,17.29,1585,,
818875,17.301,1586,,
818886,17.312,1586,,
818896,17.322,1587,,
818904,17.33,1586,,
818915,17.341,1584,,
818926,17.352,1577,,
818934,17.36,1574,,
818945,17.371,1573,,
818956,17.382,1573,,
818966,17.392,1570,,
818976,17.402,1565,,
818984,17.41,1571,,
818995,17.421,1571,,
819005,17.431,1565,,
819016,17.442,1564,,
819024,17.45,1558,,
819035,17.461,1559,,
819046,17.472,1560,,
819054,17.48,1559,,
819065,17.491,1559,,
819076,17.502,1558,,
819084,17.51,1556,,
819095,17.521,1556,,
819106,17.532,1559,,
819114,17.54,1555,,
819125,17.551,1551,,
819136,17.562,1551,,
819144,17.57,1556,,
819155,17.581,1557,,
819166,17.592,1553,,
819174,17.6,1553,,
819185,17.611,1549,,
819196,17.622,1548,,
819204,17.63,1544,,
819215,17.641,1543,,
819226,17.652,1545,,
819234,17.66,1542,,
819245,17.671,1541,,
819256,17.682,1540,,
819264,17.69,1538,,
819275,17.701,1538,,
819286,17.712,1544,,
819294,17.72,1541,,
819305,17.731,1534,,
819316,17.742,1533,,
819324,17.75,1534,,
819335,17.761,1533,,
819346,17.772,1529,,
819356,17.782,1523,,
819364,17.79,1520,,
819375,17.801,1520,,
819386,17.812,1524,,
819394,17.82,1521,,
819405,17.831,1518,,
819415,17.841,1532,,
819426,17.852,1524,,
819434,17.86,1520,,
819445,17.871,1517,,
819456,17.882,1507,,
819464,17.89,1504,,
819475,17.901,1508,,
819486,17.912,1508,,
819494,17.92,1505,,
819505,17.931,1501,,
819516,17.942,1504,,
819524,17.95,1502,,
819535,17.961,1495,,
819546,17.972,1487,,
819554,17.98,1486,,
819565,17.991,1486,,
819576,18.002,1482,,
819584,18.01,1482,,
819595,18.021,1481,,
819606,18.032,1481,,
819614,18.04,1479,,
819625,18.051,1477,,
819636,18.062,1475,,
819644,18.07,1478,,
819655,18.081,1478,,
819666,18.092,1478,,
819674,18.1,1472,,
819685,18.111,1465,,
819696,18.122,1468,,
819704,18.13,1466,,
819715,18.141,1465,,
819726,18.152,1462,,
819734,18.16,1460,,
819745,18.171,1458,,
819756,18.182,1459,,
819764,18.19,1454,,
819775,18.201,1449,,
819786,18.212,1448,,
819794,18.22,1447,,
819805,18.231,1447,,
819816,18.242,1451,,
819824,18.25,1452,,
819835,18.261,1446,,
819846,18.272,1445,,
819854,18.28,1442,,
819865,18.291,1440,,
819876,18.302,1441,,
819884,18.31,1444,,
819895,18.321,1443,,
819906,18.332,1444,,
819914,18.34,1440,,
819925,18.351,1436,,
819936,18.362,1434,,
819944,18.37,1432,,
819955,18.381,1434,,
819966,18.392,1432,,
819974,18.4,1433,,
819985,18.411,1431,,
819996,18.422,1429,,
820004,18.43,1428,,
820015,18.441,1426,,
820026,18.452,1421,,
820034,18.46,1423,,
820045,18.471,1425,,
820056,18.482,1424,,
820064,18.49,1418,,
820075,18.501,1409,,
820086,18.512,1413,,
820094,18.52,1412,,
820105,18.531,1410,,
820116,18.542,1411,,
820124,18.55,1412,,
820135,18.561,1405,,
820146,18.572,1396,,
820154,18.58,1392,,
820165,18.591,1395,,
820176,18.602,1394,,
820184,18.61,1393,,
820195,18.621,1390,,
820206,18.632,1388,,
820214,18.64,1388,,
820225,18.651,1383,,
820236,18.662,1384,,
820244,18.67,1384,,
820255,18.681,1372,,
820266,18.692,1369,,
820274,18.7,1371,,
820285,18.711,1366,,
820296,18.722,1362,,
820304,18.73,1359,,
820315,18.741,1352,,
820326,18.752,1347,,
820334,18.76,1345,,
820345,18.771,1346,,
820356,18.782,1344,,
820364,18.79,1338,,
820375,18.801,1339,,
820386,18.812,1346,,
820394,18.82,1345,,
820405,18.831,1345,,
820416,18.842,1349,,
820424,18.85,1354,,
820434,18.86,1354,,
820445,18.871,1353,,
820456,18.882,1349,,
820464,18.89,1348,,
820475,18.901,1353,,
820486,18.912,1356,,
820494,18.92,1352,,
820505,18.931,1355,,
820516,18.942,1362,,
820524,18.95,1361,,
820534,18.96,1363,,
820545,18.971,1371,,
820556,18.982,1376,,
820564,18.99,1372,,
820575,19.001,1369,,
820586,19.012,1365,,
820594,19.02,1364,,
820605,19.031,1364,,
820616,19.042,1363,,
820624,19.05,1358,,
820635,19.061,1358,,
820646,19.072,1365,,
820654,19.08,1364,,
820665,19.091,1363,,
820676,19.102,1366,,
820684,19.11,1369,,
820695,19.121,1365,,
820706,19.132,1355,,
820714,19.14,1346,,
820725,19.151,1336,,
820736,19.162,1324,,
820744,19.17,1317,,
820755,19.181,1293,,
820765,19.191,1267,,
820776,19.202,1239,,
820784,19.21,1225,,
820795,19.221,1199,,
820806,19.232,1176,,
820814,19.24,1172,,
820825,19.251,1158,,
820836,19.262,1144,,
820844,19.27,1133,,
820855,19.281,1119,,
820866,19.292,1114,,
820874,19.3,1110,,
820885,19.311,1106,,
820895,19.321,1103,,
820906,19.332,1101,,
820914,19.34,1105,,
820925,19.351,1110,,
820936,19.362,1116,,
820944,19.37,1126,,
820955,19.381,1146,,
820966,19.392,1169,,
820974,19.4,1171,,
820985,19.411,1185,,
820996,19.422,1212,,
821004,19.43,1223,,
821015,19.441,1245,,
821026,19.452,1267,,
821034,19.46,1282,,
821045,19.471,1304,,
821056,19.482,1316,,
821064,19.49,1334,,
821075,19.501,1362,,
821086,19.512,1377,,
821094,19.52,1388,,
821105,19.531,1409,,
821116,19.542,1433,,
821124,19.55,1443,,
821135,19.561,1460,,
821146,19.572,1472,,
821154,19.58,1482,,
821165,19.591,1507,,
821176,19.602,1522,,
821184,19.61,1535,,
821194,19.62,1549,,
821205,19.631,1558,,
821216,19.642,1576,,
821226,19.652,1585,,
821234,19.66,1588,,
821245,19.671,1604,,
821256,19.682,1625,,
821264,19.69,1631,,
821275,19.701,1643,,
821286,19.712,1657,,
821294,19.72,1666,,
821305,19.731,1674,,
821316,19.742,1672,,
821324,19.75,1683,,
821335,19.761,1697,,
821346,19.772,1699,,
821354,19.78,1702,,
821365,19.791,1709,,
821376,19.802,1719,,
821384,19.81,1724,,
821395,19.821,1725,,
821406,19.832,1722,,
821414,19.84,1726,,
821425,19.851,1736,,
821436,19.862,1738,,
821444,19.87,1745,,
821455,19.881,1749,,
821466,19.892,1746,,
821474,19.9,1744,,
821485,19.911,1748,,
821496,19.922,1760,,
821504,19.93,1762,,
821515,19.941,1757,,
821525,19.951,1756,,
821536,19.962,1767,,
821544,19.97,1767,,
821555,19.981,1761,,
821566,19.992,1766,,
821574,20,1771,,
821585,20.011,1772,,
821596,20.022,1767,,
821604,20.03,1765,,
821615,20.041,1767,,
821626,20.052,1766,,
821634,20.06,1766,,
821644,20.07,1770,,
821655,20.081,1769,,
821666,20.092,1767,,
821674,20.1,1767,,
821685,20.111,1773,,
821696,20.122,1777,,
821704,20.13,1776,,
821715,20.141,1776,,
821726,20.152,1777,,
821734,20.16,1774,,
821745,20.171,1776,,
821756,20.182,1774,,
821764,20.19,1774,,
821775,20.201,1778,,
821786,20.212,1780,,
821794,20.22,1782,,
821805,20.231,1783,,
821816,20.242,1783,,
821824,20.25,1783,,
821835,20.261,1781,,
821846,20.272,1789,,
821854,20.28,1793,,
821865,20.291,1787,,
821876,20.302,1789,,
821884,20.31,1782,,
821895,20.321,1778,,
821906,20.332,1782,,
821914,20.34,1782,,
821925,20.351,1784,,
821936,20.362,1785,,
821944,20.37,1784,,
821955,20.381,1784,,
821966,20.392,1786,,
821974,20.4,1792,,
821985,20.411,1791,,
821996,20.422,1786,,
822004,20.43,1785,,
822015,20.441,1788,,
822026,20.452,1793,,
822034,20.46,1794,,
822045,20.471,1792,,
822056,20.482,1785,,
822066,20.492,1790,,
822074,20.5,1797,,
822085,20.511,1796,,
822096,20.522,1797,,
822104,20.53,1791,,
822115,20.541,1789,,
822126,20.552,1793,,
822134,20.56,1792,,
822145,20.571,1794,,
822156,20.582,1797,,
822164,20.59,1797,,
822175,20.601,1797,,
822186,20.612,1790,,
822194,20.62,1787,,
822205,20.631,1794,,
822216,20.642,1798,,
822224,20.65,1804,,
822235,20.661,1801,,
822246,20.672,1793,,
822254,20.68,1791,,
822265,20.691,1793,,
822276,20.702,1791,,
822284,20.71,1790,,
822295,20.721,1793,,
822306,20.732,1794,,
822314,20.74,1795,,
822325,20.751,1794,,
822336,20.762,1792,,
822344,20.77,1791,,
822355,20.781,1788,,
822365,20.791,1781,,
822376,20.802,1784,,
822384,20.81,1786,,
822395,20.821,1789,,
822406,20.832,1796,,
822414,20.84,1796,,
822425,20.851,1790,,
822436,20.862,1790,,
822444,20.87,1792,,
822455,20.881,1792,,
822466,20.892,1786,,
822474,20.9,1785,,
822485,20.911,1787,,
822496,20.922,1784,,
822504,20.93,1786,,
822514,20.94,1789,,
822525,20.951,1789,,
822536,20.962,1782,,
822544,20.97,1780,,
822555,20.981,1782,,
822566,20.992,1778,,
822574,21,1780,,
822585,21.011,1779,,
822596,21.022,1773,,
822604,21.03,1769,,
822615,21.041,1771,,
822626,21.052,1776,,
822634,21.06,1778,,
822645,21.071,1777,,
822656,21.082,1771,,
822664,21.09,1763,,
822675,21.101,1763,,
822686,21.112,1767,,
822694,21.12,1769,,
822705,21.131,1770,,
822716,21.142,1768,,
822724,21.15,1766,,
822735,21.161,1765,,
822746,21.172,1768,,
822754,21.18,1763,,
822765,21.191,1761,,
822776,21.202,1764,,
822784,21.21,1763,,
822795,21.221,1763,,
822806,21.232,1767,,
822814,21.24,1768,,
822825,21.251,1765,,
822836,21.262,1764,,
822844,21.27,1761,,
822854,21.28,1762,,
822865,21.291,1764,,
822876,21.302,1765,,
822884,21.31,1761,,
822895,21.321,1759,,
822906,21.332,1763,,
822914,21.34,1764,,
822925,21.351,1763,,
822936,21.362,1766,,
822944,21.37,1768,,
822955,21.381,1766,,
822966,21.392,1765,,
822974,21.4,1761,,
822984,21.41,1762,,
822995,21.421,1764,,
823006,21.432,1766,,
823014,21.44,1762,,
823024,21.45,1762,,
823035,21.461,1765,,
823046,21.472,1770,,
823054,21.48,1774,,
823065,21.491,1770,,
823076,21.502,1767,,
823086,21.512,1767,,
823094,21.52,1762,,
823105,21.531,1763,,
823116,21.542,1772,,
823124,21.55,1770,,
823135,21.561,1768,,
823146,21.572,1771,,
823154,21.58,1773,,
823164,21.59,1769,,
823175,21.601,1770,,
823185,21.611,1763,,
823196,21.622,1753,,
823204,21.63,1760,,
823215,21.641,1769,,
823226,21.652,1761,,
823234,21.66,1764,,
823245,21.671,1770,,
823256,21.682,1768,,
823266,21.692,1778,,
823274,21.7,1772,,
823285,21.711,1766,,
823296,21.722,1765,,
823304,21.73,1765,,
823315,21.741,1765,,
823326,21.752,1769,,
823334,21.76,1770,,
823345,21.771,1768,,
823356,21.782,1769,,
823364,21.79,1765,,
823375,21.801,1765,,
823386,21.812,1771,,
823394,21.82,1775,,
823405,21.831,1770,,
823416,21.842,1768,,
823424,21.85,1766,,
823435,21.861,1763,,
823446,21.872,1761,,
823454,21.88,1761,,
823465,21.891,1764,,
823476,21.902,1763,,
823484,21.91,1765,,
823495,21.921,1766,,
823506,21.932,1766,,
823514,21.94,1764,,
823525,21.951,1762,,
823536,21.962,1760,,
823544,21.97,1763,,
823555,21.981,1768,,
823566,21.992,1762,,
823574,22,1756,,
823585,22.011,1756,,
823596,22.022,1760,,
823604,22.03,1764,,
823615,22.041,1767,,
823626,22.052,1763,,
823634,22.06,1766,,
823645,22.071,1765,,
823656,22.082,1765,,
823664,22.09,1770,,
823675,22.101,1770,,
823686,22.112,1763,,
823694,22.12,1762,,
823705,22.131,1763,,
823716,22.142,1766,,
823724,22.15,1769,,
823735,22.161,1766,,
823746,22.172,1766,,
823754,22.18,1763,,
823765,22.191,1762,,
823776,22.202,1766,,
823784,22.21,1771,,
823795,22.221,1771,,
823806,22.232,1764,,
823814,22.24,1761,,
823824,22.25,1764,,
823835,22.261,1765,,
823846,22.272,1766,,
823854,22.28,1769,,
823865,22.291,1768,,
823876,22.302,1766,,
823884,22.31,1764,,
823895,22.321,1762,,
823906,22.332,1766,,
823914,22.34,1771,,
823925,22.351,1770,,
823936,22.362,1762,,
823944,22.37,1760,,
823955,22.381,1762,,
823966,22.392,1759,,
823974,22.4,1760,,
823985,22.411,1764,,
823996,22.422,1764,,
824004,22.43,1765,,
824015,22.441,1765,,
824026,22.452,1764,,
824034,22.46,1763,,
824045,22.471,1763,,
824056,22.482,1760,,
824064,22.49,1763,,
824075,22.501,1765,,
824086,22.512,1768,,
824094,22.52,1769,,
824105,22.531,1762,,
824116,22.542,1759,,
824124,22.55,1760,,
824135,22.561,1764,,
824146,22.572,1763,,
824154,22.58,1766,,
824165,22.591,1765,,
824176,22.602,1763,,
824184,22.61,1761,,
824195,22.621,1758,,
824206,22.632,1759,,
824214,22.64,1759,,
824225,22.651,1761,,
824236,22.662,1764,,
824244,22.67,1765,,
824255,22.681,1762,,
824266,22.692,1762,,
824274,22.7,1759,,
824285,22.711,1757,,
824296,22.722,1762,,
824304,22.73,1766,,
824314,22.74,1765,,
824325,22.751,1755,,
824336,22.762,1754,,
824344,22.77,1757,,
824355,22.781,1760,,
824366,22.792,1764,,
824376,22.802,1766,,
824384,22.81,1759,,
824395,22.821,1757,,
824406,22.832,1760,,
824414,22.84,1762,,
824425,22.851,1761,,
824436,22.862,1751,,
824444,22.87,1746,,
824455,22.881,1753,,
824466,22.892,1759,,
824474,22.9,1759,,
824485,22.911,1759,,
824496,22.922,1758,,
824504,22.93,1759,,
824515,22.941,1760,,
824526,22.952,1760,,
824534,22.96,1756,,
824545,22.971,1755,,
824556,22.982,1759,,
824564,22.99,1763,,
824575,23.001,1763,,
824586,23.012,1757,,
824594,23.02,1755,,
824605,23.031,1757,,
824616,23.042,1754,,
824624,23.05,1755,,
824635,23.061,1760,,
824645,23.071,1758,,
824656,23.082,1765,,
824664,23.09,1763,,
824675,23.101,1755,,
824686,23.112,1759,,
824696,23.122,1770,,
824704,23.13,1764,,
824715,23.141,1760,,
824726,23.152,1758,,
824734,23.16,1757,,
824745,23.171,1757,,
824756,23.182,1761,,
824764,23.19,1757,,
824775,23.201,1755,,
824786,23.212,1760,,
824794,23.22,1757,,
824805,23.231,1756,,
824815,23.241,1760,,
824826,23.252,1761,,
824834,23.26,1757,,
824845,23.271,1754,,
824856,23.282,1757,,
824864,23.29,1756,,
824875,23.301,1758,,
824886,23.312,1762,,
824894,23.32,1758,,
824905,23.331,1754,,
824916,23.342,1750,,
824924,23.35,1747,,
824935,23.361,1755,,
824945,23.371,1760,,
824956,23.382,1766,,
824964,23.39,1761,,
824975,23.401,1754,,
824986,23.412,1759,,
824994,23.42,1759,,
825005,23.431,1759,,
825016,23.442,1762,,
825024,23.45,1764,,
825035,23.461,1760,,
825046,23.472,1752,,
825054,23.48,1750,,
825065,23.491,1755,,
825076,23.502,1759,,
825084,23.51,1764,,
825095,23.521,1763,,
825106,23.532,1763,,
825114,23.54,1760,,
825125,23.551,1756,,
825136,23.562,1753,,
825144,23.57,1753,,
825155,23.581,1757,,
825166,23.592,1754,,
825174,23.6,1755,,
825185,23.611,1758,,
825196,23.622,1758,,
825204,23.63,1757,,
825215,23.641,1753,,
825226,23.652,1750,,
825234,23.66,1754,,
825245,23.671,1757,,
825256,23.682,1759,,
825266,23.692,1744,,
825274,23.7,1732,,
825285,23.711,1739,,
825296,23.722,1751,,
825304,23.73,1752,,
825315,23.741,1754,,
825325,23.751,1754,,
825336,23.762,1750,,
825344,23.77,1754,,
825355,23.781,1757,,
825366,23.792,1749,,
825374,23.8,1747,,
825385,23.811,1749,,
825396,23.822,1746,,
825404,23.83,1748,,
825415,23.841,1752,,
825426,23.852,1750,,
825434,23.86,1752,,
825445,23.871,1753,,
825456,23.882,1751,,
825464,23.89,1750,,
825475,23.901,1750,,
825486,23.912,1747,,
825494,23.92,1750,,
825505,23.931,1754,,
825516,23.942,1756,,
825524,23.95,1750,,
825535,23.961,1744,,
825546,23.972,1747,,
825554,23.98,1748,,
825565,23.991,1751,,
825575,24.001,1752,,
825586,24.012,1752,,
825594,24.02,1751,,
825605,24.031,1748,,
825616,24.042,1750,,
825624,24.05,1753,,
825635,24.061,1754,,
825646,24.072,1750,,
825654,24.08,1750,,
825665,24.091,1752,,
825676,24.102,1749,,
825684,24.11,1752,,
825695,24.121,1757,,
825706,24.132,1753,,
825714,24.14,1752,,
825725,24.151,1750,,
825736,24.162,1753,,
825744,24.17,1749,,
825755,24.181,1747,,
825766,24.192,1750,,
825774,24.2,1750,,
825785,24.211,1751,,
825796,24.222,1752,,
825804,24.23,1749,,
825815,24.241,1747,,
825826,24.252,1744,,
825834,24.26,1741,,
825845,24.271,1748,,
825856,24.282,1751,,
825864,24.29,1751,,
825875,24.301,1749,,
825886,24.312,1750,,
825894,24.32,1747,,
825905,24.331,1749,,
825916,24.342,1747,,
825924,24.35,1747,,
825935,24.361,1752,,
825946,24.372,1751,,
825954,24.38,1751,,
825965,24.391,1752,,
825976,24.402,1749,,
825984,24.41,1747,,
825995,24.421,1750,,
826006,24.432,1748,,
826014,24.44,1750,,
826025,24.451,1754,,
826036,24.462,1751,,
826044,24.47,1745,,
826055,24.481,1746,,
826066,24.492,1750,,
826074,24.5,1751,,
826085,24.511,1754,,
826096,24.522,1752,,
826104,24.53,1750,,
826115,24.541,1752,,
826126,24.552,1753,,
826134,24.56,1750,,
826144,24.57,1750,,
826155,24.581,1750,,
826166,24.592,1748,,
826174,24.6,1745,,
826185,24.611,1748,,
826196,24.622,1751,,
826204,24.63,1751,,
826215,24.641,1753,,
826226,24.652,1754,,
826234,24.66,1758,,
826245,24.671,1757,,
826256,24.682,1755,,
826264,24.69,1751,,
826275,24.701,1751,,
826286,24.712,1755,,
826294,24.72,1754,,
826305,24.731,1755,,
826315,24.741,1763,,
826326,24.752,1760,,
826334,24.76,1757,,
826345,24.771,1756,,
826356,24.782,1754,,
826364,24.79,1754,,
826375,24.801,1753,,
826386,24.812,1750,,
826394,24.82,1746,,
826405,24.831,1752,,
826416,24.842,1754,,
826424,24.85,1752,,
826435,24.861,1754,,
826446,24.872,1759,,
826454,24.88,1763,,
826465,24.891,1759,,
826476,24.902,1749,,
826484,24.91,1746,,
826495,24.921,1752,,
826506,24.932,1756,,
826514,24.94,1761,,
826525,24.951,1760,,
826535,24.961,1754,,
826546,24.972,1758,,
826554,24.98,1759,,
826565,24.991,1756,,
826576,25.002,1757,,
826584,25.01,1751,,
826595,25.021,1741,,
826606,25.032,1729,,
826614,25.04,1713,,
826625,25.051,1684,,
826636,25.062,1654,,
826644,25.07,1640,,
826655,25.081,1607,,
826666,25.092,1578,,
826674,25.1,1567,,
826685,25.111,1550,,
826696,25.122,1537,,
826704,25.13,1535,,
826715,25.141,1533,,
826726,25.152,1529,,
826734,25.16,1532,,
826745,25.171,1536,,
826756,25.182,1539,,
826764,25.19,1538,,
826774,25.2,1538,,
826785,25.211,1532,,
826796,25.222,1534,,
826804,25.23,1538,,
826815,25.241,1534,,
826826,25.252,1531,,
826834,25.26,1533,,
826845,25.271,1539,,
826856,25.282,1540,,
826864,25.29,1534,,
826875,25.301,1537,,
826886,25.312,1547,,
826894,25.32,1548,,
826905,25.331,1549,,
826916,25.342,1553,,
826924,25.35,1559,,
826935,25.361,1557,,
826946,25.372,1559,,
826954,25.38,1555,,
826965,25.391,1552,,
826976,25.402,1557,,
826984,25.41,1559,,
826995,25.421,1562,,
827006,25.432,1561,,
827014,25.44,1565,,
827025,25.451,1567,,
827036,25.462,1560,,
827044,25.47,1567,,
827055,25.481,1574,,
827066,25.492,1568,,
827074,25.5,1574,,
827085,25.511,1575,,
827096,25.522,1574,,
827104,25.53,1576,,
827115,25.541,1573,,
827125,25.551,1557,,
827136,25.562,1563,,
827144,25.57,1571,,
827155,25.581,1573,,
827166,25.592,1575,,
827174,25.6,1583,,
827185,25.611,1582,,
827196,25.622,1576,,
827204,25.63,1575,,
827215,25.641,1576,,
827226,25.652,1581,,
827234,25.66,1583,,
827244,25.67,1580,,
827255,25.681,1575,,
827266,25.692,1578,,
827274,25.7,1581,,
827285,25.711,1580,,
827296,25.722,1583,,
827304,25.73,1589,,
827315,25.741,1589,,
827326,25.752,1583,,
827334,25.76,1582,,
827345,25.771,1583,,
827356,25.782,1587,,
827364,25.79,1589,,
827375,25.801,1587,,
827386,25.812,1587,,
827394,25.82,1586,,
827405,25.831,1585,,
827416,25.842,1588,,
827424,25.85,1593,,
827435,25.861,1593,,
827446,25.872,1587,,
827454,25.88,1585,,
827465,25.891,1588,,
827476,25.902,1587,,
827484,25.91,1586,,
827495,25.921,1590,,
827506,25.932,1590,,
827514,25.94,1592,,
827525,25.951,1592,,
827536,25.962,1593,,
827544,25.97,1594,,
827555,25.981,1593,,
827566,25.992,1589,,
827574,26,1590,,
827585,26.011,1593,,
827596,26.022,1598,,
827604,26.03,1599,,
827615,26.041,1594,,
827626,26.052,1592,,
827634,26.06,1593,,
827645,26.071,1597,,
827656,26.082,1597,,
827664,26.09,1600,,
827675,26.101,1600,,
827686,26.112,1599,,
827694,26.12,1604,,
827705,26.131,1602,,
827716,26.142,1596,,
827724,26.15,1595,,
827735,26.161,1597,,
827746,26.172,1602,,
827754,26.18,1602,,
827765,26.191,1600,,
827776,26.202,1601,,
827786,26.212,1594,,
827794,26.22,1597,,
827805,26.231,1599,,
827816,26.242,1599,,
827824,26.25,1595,,
827835,26.261,1595,,
827846,26.272,1599,,
827854,26.28,1599,,
827865,26.291,1600,,
827876,26.302,1604,,
827884,26.31,1605,,
827895,26.321,1604,,
827906,26.332,1603,,
827914,26.34,1603,,
827925,26.351,1601,,
827936,26.362,1603,,
827944,26.37,1608,,
827955,26.381,1608,,
827966,26.392,1601,,
827974,26.4,1600,,
827985,26.411,1600,,
827995,26.421,1594,,
828006,26.432,1599,,
828014,26.44,1601,,
828024,26.45,1602,,
828035,26.461,1601,,
828046,26.472,1601,,
828054,26.48,1609,,
828065,26.491,1608,,
828076,26.502,1606,,
828084,26.51,1603,,
828095,26.521,1603,,
828106,26.532,1605,,
828114,26.54,1604,,
828125,26.551,1605,,
828136,26.562,1609,,
828144,26.57,1610,,
828155,26.581,1607,,
828165,26.591,1595,,
828176,26.602,1600,,
828186,26.612,1619,,
828194,26.62,1618,,
828204,26.63,1616,,
828215,26.641,1613,,
828226,26.652,1615,,
828234,26.66,1611,,
828245,26.671,1607,,
828256,26.682,1603,,
828264,26.69,1604,,
828275,26.701,1608,,
828286,26.712,1609,,
828294,26.72,1603,,
828305,26.731,1603,,
828316,26.742,1612,,
828326,26.752,1611,,
828334,26.76,1607,,
828345,26.771,1607,,
828356,26.782,1613,,
828364,26.79,1610,,
828375,26.801,1607,,
828386,26.812,1606,,
828394,26.82,1606,,
828405,26.831,1609,,
828416,26.842,1609,,
828424,26.85,1612,,
828435,26.861,1613,,
828446,26.872,1611,,
828454,26.88,1611,,
828465,26.891,1610,,
828476,26.902,1611,,
828484,26.91,1614,,
828495,26.921,1614,,
828506,26.932,1615,,
828514,26.94,1610,,
828525,26.951,1604,,
828536,26.962,1609,,
828544,26.97,1610,,
828555,26.981,1612,,
828566,26.992,1612,,
828574,27,1610,,
828585,27.011,1611,,
828596,27.022,1612,,
828604,27.03,1618,,
828615,27.041,1618,,
828626,27.052,1612,,
828634,27.06,1612,,
828645,27.071,1613,,
828656,27.082,1618,,
828664,27.09,1618,,
828675,27.101,1615,,
828686,27.112,1609,,
828694,27.12,1605,,
828705,27.131,1610,,
828716,27.142,1615,,
828726,27.152,1623,,
828734,27.16,1618,,
828745,27.171,1614,,
828756,27.182,1614,,
828764,27.19,1613,,
828775,27.201,1614,,
828786,27.212,1617,,
828794,27.22,1618,,
828805,27.231,1616,,
828816,27.242,1609,,
828824,27.25,1606,,
828835,27.261,1611,,
828846,27.272,1614,,
828854,27.28,1614,,
828865,27.291,1615,,
828876,27.302,1618,,
828884,27.31,1616,,
828895,27.321,1614,,
828906,27.332,1621,,
828914,27.34,1621,,
828925,27.351,1617,,
828936,27.362,1616,,
828944,27.37,1618,,
828955,27.381,1618,,
828966,27.392,1620,,
828974,27.4,1619,,
828985,27.411,1617,,
828996,27.422,1615,,
829004,27.43,1618,,
829015,27.441,1621,,
829026,27.452,1617,,
829034,27.46,1617,,
829045,27.471,1617,,
829056,27.482,1615,,
829064,27.49,1616,,
829075,27.501,1618,,
829086,27.512,1618,,
829094,27.52,1617,,
829105,27.531,1616,,
829116,27.542,1620,,
829124,27.55,1616,,
829135,27.561,1614,,
829146,27.572,1617,,
829154,27.58,1621,,
829165,27.591,1622,,
829176,27.602,1619,,
829184,27.61,1620,,
829195,27.621,1619,,
829206,27.632,1620,,
829214,27.64,1616,,
829225,27.651,1616,,
829236,27.662,1620,,
829246,27.672,1630,,
829254,27.68,1635,,
829265,27.691,1631,,
829276,27.702,1620,,
829284,27.71,1620,,
829295,27.721,1621,,
829306,27.732,1623,,
829314,27.74,1623,,
829325,27.751,1620,,
829336,27.762,1620,,
829344,27.77,1618,,
829355,27.781,1618,,
829366,27.792,1621,,
829374,27.8,1619,,
829385,27.811,1617,,
829396,27.822,1620,,
829404,27.83,1619,,
829415,27.841,1618,,
829425,27.851,1615,,
829436,27.862,1611,,
829444,27.87,1614,,
829455,27.881,1621,,
829466,27.892,1621,,
829474,27.9,1620,,
829485,27.911,1619,,
829496,27.922,1621,,
829504,27.93,1620,,
829515,27.941,1621,,
829526,27.952,1626,,
829534,27.96,1624,,
829545,27.971,1620,,
829556,27.982,1618,,
829564,27.99,1618,,
829575,28.001,1622,,
829586,28.012,1622,,
829594,28.02,1623,,
829605,28.031,1623,,
829616,28.042,1624,,
829624,28.05,1624,,
829635,28.061,1623,,
829646,28.072,1620,,
829654,28.08,1623,,
829665,28.091,1626,,
829676,28.102,1620,,
829684,28.11,1620,,
829695,28.121,1622,,
829706,28.132,1620,,
829714,28.14,1621,,
829725,28.151,1624,,
829736,28.162,1623,,
829744,28.17,1622,,
829754,28.18,1622,,
829765,28.191,1630,,
829776,28.202,1627,,
829784,28.21,1621,,
829795,28.221,1624,,
829806,28.232,1620,,
829814,28.24,1614,,
829825,28.251,1611,,
829836,28.262,1606,,
829844,28.27,1601,,
829855,28.281,1588,,
829866,28.292,1570,,
829874,28.3,1560,,
829885,28.311,1543,,
829896,28.322,1526,,
829904,28.33,1514,,
829915,28.341,1496,,
829926,28.352,1485,,
829934,28.36,1485,,
829945,28.371,1479,,
829956,28.382,1475,,
829964,28.39,1475,,
829975,28.401,1470,,
829986,28.412,1464,,
829994,28.42,1463,,
830005,28.431,1461,,
830016,28.442,1463,,
830024,28.45,1463,,
830035,28.461,1466,,
830046,28.472,1472,,
830054,28.48,1473,,
830065,28.491,1473,,
830076,28.502,1468,,
830084,28.51,1468,,
830095,28.521,1469,,
830106,28.532,1464,,
830114,28.54,1463,,
830125,28.551,1461,,
830136,28.562,1463,,
830144,28.57,1462,,
830155,28.581,1464,,
830166,28.592,1465,,
830174,28.6,1470,,
830185,28.611,1476,,
830196,28.622,1472,,
830204,28.63,1466,,
830215,28.641,1470,,
830226,28.652,1477,,
830234,28.66,1478,,
830245,28.671,1480,,
830256,28.682,1482,,
830264,28.69,1485,,
830275,28.701,1485,,
830286,28.712,1487,,
830294,28.72,1485,,
830305,28.731,1485,,
830316,28.742,1488,,
830324,28.75,1488,,
830335,28.761,1492,,
830346,28.772,1494,,
830354,28.78,1495,,
830365,28.791,1493,,
830376,28.802,1494,,
830384,28.81,1496,,
830395,28.821,1496,,
830406,28.832,1494,,
830414,28.84,1498,,
830425,28.851,1499,,
830436,28.862,1500,,
830444,28.87,1499,,
830455,28.881,1496,,
830466,28.892,1495,,
830474,28.9,1495,,
830485,28.911,1500,,
830496,28.922,1500,,
830506,28.932,1490,,
830514,28.94,1490,,
830525,28.951,1495,,
830536,28.962,1502,,
830544,28.97,1508,,
830555,28.981,1509,,
830566,28.992,1502,,
830574,29,1501,,
830585,29.011,1503,,
830596,29.022,1501,,
830604,29.03,1501,,
830615,29.041,1505,,
830626,29.052,1504,,
830634,29.06,1499,,
830645,29.071,1502,,
830656,29.082,1508,,
830664,29.09,1507,,
830675,29.101,1507,,
830686,29.112,1507,,
830694,29.12,1508,,
830705,29.131,1511,,
830716,29.142,1514,,
830724,29.15,1509,,
830735,29.161,1506,,
830746,29.172,1511,,
830754,29.18,1511,,
830765,29.191,1512,,
830776,29.202,1511,,
830784,29.21,1511,,
830795,29.221,1512,,
830806,29.232,1516,,
830814,29.24,1513,,
830825,29.251,1512,,
830836,29.262,1514,,
830844,29.27,1512,,
830855,29.281,1513,,
830866,29.292,1517,,
830874,29.3,1518,,
830885,29.311,1517,,
830896,29.322,1510,,
830904,29.33,1508,,
830915,29.341,1513,,
830926,29.352,1516,,
830934,29.36,1522,,
830945,29.371,1521,,
830956,29.382,1515,,
830964,29.39,1514,,
830975,29.401,1517,,
830986,29.412,1515,,
830996,29.422,1515,,
831004,29.43,1520,,
831015,29.441,1520,,
831026,29.452,1521,,
831034,29.46,1525,,
831045,29.471,1524,,
831056,29.482,1520,,
831064,29.49,1518,,
831075,29.501,1518,,
831086,29.512,1522,,
831094,29.52,1520,,
831105,29.531,1518,,
831116,29.542,1518,,
831124,29.55,1518,,
831135,29.561,1523,,
831146,29.572,1521,,
831154,29.58,1522,,
831165,29.591,1524,,
831176,29.602,1525,,
831184,29.61,1524,,
831195,29.621,1523,,
831206,29.632,1521,,
831214,29.64,1524,,
831225,29.651,1527,,
831236,29.662,1530,,
831244,29.67,1525,,
831255,29.681,1519,,
831266,29.692,1524,,
831274,29.7,1524,,
831285,29.711,1527,,
831296,29.722,1527,,
831304,29.73,1526,,
831315,29.741,1525,,
831326,29.752,1529,,
831334,29.76,1525,,
831345,29.771,1522,,
831356,29.782,1525,,
831364,29.79,1524,,
831375,29.801,1526,,
831386,29.812,1530,,
831394,29.82,1531,,
831404,29.83,1527,,
831415,29.841,1522,,
831426,29.852,1522,,
831434,29.86,1528,,
831445,29.871,1528,,
831456,29.882,1527,,
831464,29.89,1524,,
831475,29.901,1525,,
831486,29.912,1528,,
831494,29.92,1529,,
831505,29.931,1530,,
831516,29.942,1533,,
831524,29.95,1534,,
831535,29.961,1530,,
831546,29.972,1525,,
831554,29.98,1523,,
831565,29.991,1529,,
831576,30.002,1533,,
831584,30.01,1538,,
831595,30.021,1537,,
831606,30.032,1530,,
831614,30.04,1528,,
831625,30.051,1529,,
831636,30.062,1529,,
831644,30.07,1530,,
831655,30.081,1534,,
831666,30.092,1533,,
831674,30.1,1534,,
831685,30.111,1534,,
831696,30.122,1534,,
831704,30.13,1533,,
831715,30.141,1532,,
831726,30.152,1530,,
831734,30.16,1534,,
831745,30.171,1537,,
831756,30.182,1540,,
831764,30.19,1541,,
831775,30.201,1535,,
831786,30.212,1533,,
831796,30.222,1540,,
831804,30.23,1545,,
831815,30.241,1542,,
831826,30.252,1533,,
831834,30.26,1531,,
831845,30.271,1534,,
831856,30.282,1533,,
831864,30.29,1536,,
831875,30.301,1540,,
831886,30.312,1542,,
831894,30.32,1543,,
831905,30.331,1538,,
831916,30.342,1535,,
831924,30.35,1535,,
831935,30.361,1537,,
831946,30.372,1538,,
831954,30.38,1538,,
831965,30.391,1537,,
831976,30.402,1540,,
831984,30.41,1537,,
831995,30.421,1535,,
832006,30.432,1537,,
832014,30.44,1536,,
832025,30.451,1537,,
832036,30.462,1541,,
832044,30.47,1542,,
832055,30.481,1540,,
832066,30.492,1532,,
832074,30.5,1529,,
832085,30.511,1535,,
832096,30.522,1540,,
832104,30.53,1545,,
832115,30.541,1545,,
832126,30.552,1540,,
832134,30.56,1538,,
832145,30.571,1538,,
832155,30.581,1531,,
832166,30.592,1527,,
832174,30.6,1532,,
832185,30.611,1540,,
832196,30.622,1533,,
832204,30.63,1531,,
832215,30.641,1538,,
832226,30.652,1544,,
832234,30.66,1548,,
832245,30.671,1545,,
832256,30.682,1545,,
832264,30.69,1545,,
832275,30.701,1543,,
832286,30.712,1540,,
832294,30.72,1539,,
832305,30.731,1542,,
832316,30.742,1541,,
832324,30.75,1535,,
832335,30.761,1536,,
832346,30.772,1545,,
832354,30.78,1543,,
832364,30.79,1542,,
832375,30.801,1546,,
832385,30.811,1545,,
832396,30.822,1545,,
832404,30.83,1546,,
832415,30.841,1543,,
832426,30.852,1545,,
832434,30.86,1546,,
832445,30.871,1546,,
832456,30.882,1545,,
832464,30.89,1548,,
832475,30.901,1547,,
832486,30.912,1544,,
832494,30.92,1549,,
832505,30.931,1550,,
832516,30.942,1546,,
832524,30.95,1544,,
832535,30.961,1543,,
832546,30.972,1542,,
832554,30.98,1542,,
832565,30.991,1545,,
832576,31.002,1544,,
832584,31.01,1545,,
832595,31.021,1547,,
832606,31.032,1547,,
832614,31.04,1546,,
832625,31.051,1545,,
832636,31.062,1544,,
832644,31.07,1545,,
832655,31.081,1546,,
832666,31.092,1549,,
832674,31.1,1545,,
832685,31.111,1541,,
832696,31.122,1545,,
832704,31.13,1545,,
832715,31.141,1548,,
832726,31.152,1547,,
832734,31.16,1546,,
832745,31.171,1546,,
832755,31.181,1549,,
832766,31.192,1549,,
832774,31.2,1550,,
832785,31.211,1549,,
832796,31.222,1545,,
832804,31.23,1545,,
832815,31.241,1547,,
832826,31.252,1547,,
832834,31.26,1548,,
832845,31.271,1548,,
832856,31.282,1547,,
832864,31.29,1546,,
832875,31.301,1546,,
832886,31.312,1549,,
832894,31.32,1553,,
832905,31.331,1550,,
832916,31.342,1547,,
832924,31.35,1546,,
832935,31.361,1546,,
832946,31.372,1550,,
832954,31.38,1552,,
832965,31.391,1549,,
832976,31.402,1549,,
832984,31.41,1547,,
832995,31.421,1546,,
833006,31.432,1550,,
833014,31.44,1554,,
833025,31.451,1553,,
833036,31.462,1547,,
833044,31.47,1545,,
833055,31.481,1547,,
833066,31.492,1546,,
833074,31.5,1545,,
833084,31.51,1549,,
833095,31.521,1548,,
833106,31.532,1542,,
833114,31.54,1546,,
833125,31.551,1552,,
833136,31.562,1550,,
833144,31.57,1555,,
833155,31.581,1554,,
833166,31.592,1548,,
833174,31.6,1545,,
833185,31.611,1546,,
833196,31.622,1546,,
833204,31.63,1546,,
833215,31.641,1550,,
833226,31.652,1549,,
833234,31.66,1549,,
833245,31.671,1552,,
833256,31.682,1551,,
833264,31.69,1550,,
833274,31.7,1549,,
833285,31.711,1545,,
833296,31.722,1543,,
833304,31.73,1546,,
833315,31.741,1548,,
833326,31.752,1547,,
833334,31.76,1547,,
833345,31.771,1550,,
833355,31.781,1548,,
833366,31.792,1556,,
833374,31.8,1554,,
833385,31.811,1548,,
833396,31.822,1552,,
833404,31.83,1556,,
833414,31.84,1555,,
833424,31.85,1554,,
833435,31.861,1557,,
833446,31.872,1558,,
833456,31.882,1557,,
833464,31.89,1557,,
833474,31.9,1557,,
833485,31.911,1551,,
833496,31.922,1546,,
833504,31.93,1545,,
833515,31.941,1551,,
833526,31.952,1553,,
833534,31.96,1557,,
833545,31.971,1556,,
833556,31.982,1551,,
833564,31.99,1548,,
833575,32.001,1550,,
833586,32.012,1548,,
833594,32.02,1547,,
833605,32.031,1551,,
833616,32.042,1556,,
833624,32.05,1557,,
833635,32.061,1554,,
833646,32.072,1554,,
833654,32.08,1553,,
833665,32.091,1550,,
833676,32.102,1548,,
833684,32.11,1551,,
833695,32.121,1555,,
833706,32.132,1550,,
833714,32.14,1550,,
833725,32.151,1550,,
833736,32.162,1545,,
833744,32.17,1545,,
833755,32.181,1546,,
833766,32.192,1542,,
833776,32.202,1538,,
833784,32.21,1542,,
833795,32.221,1541,,
833806,32.232,1534,,
833814,32.24,1536,,
833825,32.251,1536,,
833836,32.262,1535,,
833844,32.27,1536,,
833855,32.281,1529,,
833866,32.292,1521,,
833874,32.3,1521,,
833885,32.311,1521,,
833896,32.322,1519,,
833904,32.33,1516,,
833915,32.341,1512,,
833926,32.352,1508,,
833936,32.362,1499,,
833944,32.37,1500,,
833955,32.381,1499,,
833966,32.392,1492,,
833974,32.4,1490,,
833985,32.411,1488,,
833996,32.422,1480,,
834004,32.43,1479,,
834015,32.441,1478,,
834026,32.452,1473,,
834034,32.46,1469,,
834045,32.471,1464,,
834056,32.482,1463,,
834064,32.49,1456,,
834075,32.501,1451,,
834086,32.512,1449,,
834094,32.52,1446,,
834105,32.531,1443,,
834116,32.542,1441,,
834124,32.55,1440,,
834135,32.561,1431,,
834146,32.572,1418,,
834154,32.58,1414,,
834165,32.591,1416,,
834176,32.602,1415,,
834186,32.612,1420,,
834194,32.62,1415,,
834205,32.631,1406,,
834216,32.642,1400,,
834226,32.652,1395,,
834236,32.662,1411,,
834244,32.67,1404,,
834255,32.681,1394,,
834266,32.692,1388,,
834274,32.7,1389,,
834285,32.711,1391,,
834296,32.722,1386,,
834304,32.73,1386,,
834315,32.741,1390,,
834326,32.752,1387,,
834334,32.76,1390,,
834345,32.771,1389,,
834356,32.782,1387,,
834364,32.79,1387,,
834374,32.8,1382,,
834385,32.811,1386,,
834396,32.822,1386,,
834404,32.83,1384,,
834415,32.841,1384,,
834426,32.852,1385,,
834434,32.86,1384,,
834445,32.871,1385,,
834456,32.882,1389,,
834464,32.89,1393,,
834475,32.901,1392,,
834486,32.912,1388,,
834494,32.92,1390,,
834505,32.931,1392,,
834516,32.942,1392,,
834524,32.95,1393,,
834535,32.961,1396,,
834546,32.972,1396,,
834554,32.98,1397,,
834565,32.991,1397,,
834576,33.002,1401,,
834584,33.01,1398,,
834595,33.021,1398,,
834606,33.032,1403,,
834614,33.04,1401,,
834625,33.051,1402,,
834636,33.062,1408,,
834644,33.07,1409,,
834655,33.081,1408,,
834666,33.092,1406,,
834674,33.1,1404,,
834685,33.111,1405,,
834696,33.122,1411,,
834704,33.13,1415,,
834715,33.141,1411,,
834726,33.152,1407,,
834734,33.16,1407,,
834745,33.171,1408,,
834756,33.182,1408,,
834764,33.19,1407,,
834775,33.201,1410,,
834786,33.212,1411,,
834794,33.22,1413,,
834805,33.231,1413,,
834816,33.242,1413,,
834824,33.25,1414,,
834835,33.261,1412,,
834846,33.272,1410,,
834854,33.28,1413,,
834865,33.291,1418,,
834876,33.302,1420,,
834884,33.31,1416,,
834895,33.321,1411,,
834906,33.332,1413,,
834914,33.34,1412,,
834925,33.351,1414,,
834936,33.362,1414,,
834944,33.37,1415,,
834955,33.381,1415,,
834966,33.392,1413,,
834974,33.4,1418,,
834985,33.411,1423,,
834996,33.422,1415,,
835004,33.43,1414,,
835015,33.441,1415,,
835025,33.451,1422,,
835035,33.461,1422,,
835046,33.472,1413,,
835054,33.48,1415,,
835065,33.491,1417,,
835076,33.502,1416,,
835084,33.51,1415,,
835095,33.521,1414,,
835106,33.532,1416,,
835114,33.54,1418,,
835125,33.551,1415,,
835136,33.562,1415,,
835144,33.57,1409,,
835155,33.581,1403,,
835166,33.592,1408,,
835174,33.6,1408,,
835185,33.611,1411,,
835196,33.622,1412,,
835204,33.63,1416,,
835215,33.641,1417,,
835226,33.652,1411,,
835234,33.66,1416,,
835245,33.671,1420,,
835256,33.682,1414,,
835264,33.69,1414,,
835275,33.701,1415,,
835286,33.712,1419,,
835294,33.72,1421,,
835305,33.731,1418,,
835316,33.742,1417,,
835324,33.75,1416,,
835335,33.761,1417,,
835346,33.772,1419,,
835354,33.78,1423,,
835365,33.791,1424,,
835376,33.802,1420,,
835384,33.81,1418,,
835395,33.821,1418,,
835406,33.832,1416,,
835414,33.84,1416,,
835425,33.851,1420,,
835436,33.862,1425,,
835444,33.87,1426,,
835455,33.881,1422,,
835466,33.892,1420,,
835474,33.9,1420,,
835484,33.91,1418,,
835495,33.921,1422,,
835506,33.932,1419,,
835514,33.94,1413,,
835525,33.951,1409,,
835536,33.962,1402,,
835544,33.97,1397,,
835555,33.981,1390,,
835566,33.992,1375,,
835574,34,1368,,
835585,34.011,1353,,
835596,34.022,1332,,
835604,34.03,1320,,
835615,34.041,1298,,
835626,34.052,1277,,
835634,34.06,1269,,
835645,34.071,1245,,
835656,34.082,1224,,
835664,34.09,1209,,
835675,34.101,1188,,
835686,34.112,1175,,
835694,34.12,1169,,
835705,34.131,1159,,
835716,34.142,1149,,
835724,34.15,1146,,
835735,34.161,1141,,
835746,34.172,1132,,
835754,34.18,1128,,
835765,34.191,1134,,
835775,34.201,1138,,
835786,34.212,1141,,
835794,34.22,1139,,
835805,34.231,1150,,
835816,34.242,1164,,
835824,34.25,1169,,
835835,34.261,1179,,
835846,34.272,1188,,
835854,34.28,1197,,
835865,34.291,1207,,
835876,34.302,1213,,
835884,34.31,1217,,
835895,34.321,1237,,
835906,34.332,1257,,
835914,34.34,1263,,
835925,34.351,1280,,
835936,34.362,1301,,
835944,34.37,1311,,
835955,34.381,1326,,
835966,34.392,1345,,
835976,34.402,1357,,
835984,34.41,1364,,
835995,34.421,1382,,
836006,34.432,1406,,
836014,34.44,1412,,
836025,34.451,1429,,
836036,34.462,1454,,
836044,34.47,1462,,
836055,34.481,1477,,
836066,34.492,1500,,
836074,34.5,1510,,
836084,34.51,1517,,
836095,34.521,1528,,
836106,34.532,1542,,
836114,34.54,1553,,
836125,34.551,1566,,
836136,34.562,1573,,
836144,34.57,1577,,
836155,34.581,1598,,
836166,34.592,1613,,
836174,34.6,1618,,
836185,34.611,1630,,
836196,34.622,1649,,
836204,34.63,1654,,
836215,34.641,1660,,
836226,34.652,1659,,
836234,34.66,1660,,
836245,34.671,1677,,
836256,34.682,1688,,
836264,34.69,1699,,
836275,34.701,1704,,
836286,34.712,1710,,
836294,34.72,1712,,
836305,34.731,1713,,
836316,34.742,1714,,
836324,34.75,1717,,
836335,34.761,1724,,
836346,34.772,1723,,
836354,34.78,1727,,
836365,34.791,1731,,
836376,34.802,1731,,
836386,34.812,1731,,
836394,34.82,1728,,
836405,34.831,1729,,
836416,34.842,1730,,
836424,34.85,1731,,
836435,34.861,1735,,
836446,34.872,1732,,
836456,34.882,1727,,
836464,34.89,1728,,
836475,34.901,1730,,
836486,34.912,1730,,
836494,34.92,1727,,
836505,34.931,1734,,
836516,34.942,1737,,
836524,34.95,1742,,
836535,34.961,1743,,
836546,34.972,1736,,
836554,34.98,1733,,
836565,34.991,1733,,
836576,35.002,1729,,
836584,35.01,1728,,
836594,35.02,1730,,
836605,35.031,1727,,
836616,35.042,1721,,
836624,35.05,1720,,
836635,35.061,1729,,
836646,35.072,1733,,
836654,35.08,1732,,
836665,35.091,1731,,
836676,35.102,1730,,
836684,35.11,1728,,
836695,35.121,1728,,
836706,35.132,1736,,
836714,35.14,1737,,
836725,35.151,1731,,
836736,35.162,1729,,
836744,35.17,1732,,
836755,35.181,1732,,
836766,35.192,1732,,
836774,35.2,1731,,
836785,35.211,1731,,
836796,35.222,1728,,
836804,35.23,1728,,
836815,35.241,1730,,
836826,35.252,1727,,
836834,35.26,1727,,
836845,35.271,1729,,
836856,35.282,1726,,
836864,35.29,1726,,
836875,35.301,1728,,
836886,35.312,1727,,
836894,35.32,1726,,
836905,35.331,1726,,
836916,35.342,1726,,
836924,35.35,1721,,
836935,35.361,1722,,
836946,35.372,1726,,
836956,35.382,1725,,
836964,35.39,1735,,
836975,35.401,1736,,
836986,35.412,1728,,
836994,35.42,1728,,
837005,35.431,1726,,
837016,35.442,1727,,
837024,35.45,1726,,
837035,35.461,1725,,
837046,35.472,1728,,
837054,35.48,1725,,
837065,35.491,1722,,
837076,35.502,1724,,
837084,35.51,1723,,
837095,35.521,1724,,
837106,35.532,1725,,
837114,35.54,1721,,
837125,35.551,1722,,
837136,35.562,1718,,
837144,35.57,1716,,
837155,35.581,1722,,
837166,35.592,1725,,
837174,35.6,1729,,
837185,35.611,1729,,
837196,35.622,1723,,
837204,35.63,1720,,
837215,35.641,1722,,
837226,35.652,1722,,
837234,35.66,1723,,
837245,35.671,1727,,
837256,35.682,1726,,
837264,35.69,1726,,
837275,35.701,1728,,
837286,35.712,1730,,
837294,35.72,1729,,
837305,35.731,1728,,
837316,35.742,1726,,
837324,35.75,1730,,
837335,35.761,1733,,
837346,35.772,1728,,
837354,35.78,1729,,
837365,35.791,1731,,
837376,35.802,1729,,
837384,35.81,1732,,
837395,35.821,1734,,
837406,35.832,1730,,
837414,35.84,1730,,
837425,35.851,1731,,
837436,35.862,1726,,
837444,35.87,1721,,
837455,35.881,1728,,
837466,35.892,1733,,
837474,35.9,1733,,
837485,35.911,1734,,
837496,35.922,1736,,
837504,35.93,1733,,
837515,35.941,1729,,
837526,35.952,1725,,
837534,35.96,1720,,
837545,35.971,1718,,
837556,35.982,1707,,
837566,35.992,1703,,
837574,36,1689,,
837585,36.011,1661,,
837596,36.022,1628,,
837604,36.03,1610,,
837615,36.041,1575,,
837626,36.052,1540,,
837634,36.06,1522,,
837645,36.071,1483,,
837656,36.082,1438,,
837666,36.092,1415,,
837674,36.1,1413,,
837685,36.111,1390,,
837696,36.122,1364,,
837704,36.13,1354,,
837715,36.141,1350,,
837726,36.152,1356,,
837734,36.16,1357,,
837745,36.171,1361,,
837756,36.182,1366,,
837764,36.19,1364,,
837775,36.201,1364,,
837786,36.212,1365,,
837794,36.22,1371,,
837805,36.231,1383,,
837816,36.242,1390,,
837824,36.25,1398,,
837835,36.261,1400,,
837846,36.272,1395,,
837854,36.28,1389,,
837865,36.291,1371,,
837876,36.302,1356,,
837884,36.31,1351,,
837895,36.321,1349,,
837906,36.332,1348,,
837914,36.34,1353,,
837925,36.351,1361,,
837936,36.362,1365,,
837944,36.37,1368,,
837955,36.381,1374,,
837966,36.392,1377,,
837974,36.4,1382,,
837985,36.411,1390,,
837996,36.422,1390,,
838006,36.432,1393,,
838014,36.44,1400,,
838025,36.451,1403,,
838035,36.461,1401,,
838046,36.472,1401,,
838054,36.48,1407,,
838065,36.491,1417,,
838076,36.502,1419,,
838084,36.51,1424,,
838094,36.52,1427,,
838105,36.531,1423,,
838116,36.542,1423,,
838124,36.55,1426,,
838135,36.561,1428,,
838146,36.572,1434,,
838154,36.58,1437,,
838165,36.591,1435,,
838176,36.602,1430,,
838184,36.61,1431,,
838195,36.621,1436,,
838206,36.632,1439,,
838214,36.64,1445,,
838225,36.651,1445,,
838236,36.662,1446,,
838244,36.67,1444,,
838255,36.681,1439,,
838265,36.691,1436,,
838276,36.702,1434,,
838284,36.71,1438,,
838295,36.721,1447,,
838306,36.732,1442,,
838314,36.74,1441,,
838325,36.751,1449,,
838336,36.762,1452,,
838344,36.77,1457,,
838355,36.781,1457,,
838366,36.792,1457,,
838374,36.8,1457,,
838385,36.811,1456,,
838396,36.822,1453,,
838404,36.83,1454,,
838415,36.841,1457,,
838426,36.852,1457,,
838434,36.86,1453,,
838445,36.871,1457,,
838456,36.882,1464,,
838464,36.89,1463,,
838475,36.901,1462,,
838486,36.912,1466,,
838494,36.92,1470,,
838505,36.931,1469,,
838516,36.942,1470,,
838524,36.95,1465,,
838535,36.961,1461,,
838546,36.972,1465,,
838554,36.98,1466,,
838565,36.991,1468,,
838576,37.002,1470,,
838584,37.01,1474,,
838595,37.021,1474,,
838606,37.032,1474,,
838614,37.04,1470,,
838625,37.051,1470,,
838636,37.062,1472,,
838644,37.07,1470,,
838655,37.081,1471,,
838666,37.092,1476,,
838674,37.1,1477,,
838685,37.111,1475,,
838696,37.122,1469,,
838704,37.13,1468,,
838715,37.141,1473,,
838726,37.152,1480,,
838734,37.16,1479,,
838745,37.171,1476,,
838756,37.182,1477,,
838764,37.19,1476,,
838775,37.201,1478,,
838786,37.212,1487,,
838794,37.22,1487,,
838805,37.231,1482,,
838816,37.242,1481,,
838824,37.25,1483,,
838835,37.261,1484,,
838846,37.272,1485,,
838854,37.28,1484,,
838865,37.291,1483,,
838876,37.302,1481,,
838884,37.31,1483,,
838895,37.321,1486,,
838906,37.332,1484,,
838914,37.34,1479,,
838925,37.351,1480,,
838936,37.362,1484,,
838944,37.37,1487,,
838955,37.381,1491,,
838966,37.392,1488,,
838974,37.4,1487,,
838985,37.411,1488,,
838996,37.422,1490,,
839004,37.43,1495,,
839015,37.441,1493,,
839026,37.452,1489,,
839034,37.46,1488,,
839045,37.471,1489,,
839056,37.482,1493,,
839064,37.49,1494,,
839074,37.5,1491,,
839085,37.511,1498,,
839096,37.522,1497,,
839104,37.53,1490,,
839115,37.541,1491,,
839126,37.552,1489,,
839134,37.56,1486,,
839145,37.571,1493,,
839156,37.582,1496,,
839164,37.59,1496,,
839175,37.601,1495,,
839186,37.612,1499,,
839194,37.62,1501,,
839205,37.631,1497,,
839216,37.642,1490,,
839224,37.65,1487,,
839235,37.661,1493,,
839246,37.672,1497,,
839254,37.68,1503,,
839265,37.691,1503,,
839276,37.702,1496,,
839284,37.71,1494,,
839295,37.721,1496,,
839306,37.732,1497,,
839314,37.74,1498,,
839325,37.751,1500,,
839336,37.762,1499,,
839344,37.77,1501,,
839355,37.781,1503,,
839366,37.792,1502,,
839374,37.8,1502,,
839385,37.811,1500,,
839396,37.822,1498,,
839404,37.83,1501,,
839415,37.841,1505,,
839426,37.852,1507,,
839434,37.86,1502,,
839445,37.871,1498,,
839456,37.882,1503,,
839464,37.89,1503,,
839475,37.901,1505,,
839486,37.912,1504,,
839494,37.92,1505,,
839505,37.931,1505,,
839516,37.942,1500,,
839524,37.95,1497,,
839535,37.961,1503,,
839546,37.972,1506,,
839554,37.98,1506,,
839565,37.991,1507,,
839575,38.001,1512,,
839586,38.012,1512,,
839594,38.02,1510,,
839605,38.031,1507,,
839616,38.042,1507,,
839624,38.05,1507,,
839635,38.061,1506,,
839646,38.072,1511,,
839654,38.08,1508,,
839665,38.091,1507,,
839676,38.102,1510,,
839684,38.11,1510,,
839695,38.121,1510,,
839706,38.132,1512,,
839714,38.14,1513,,
839725,38.151,1511,,
839736,38.162,1505,,
839744,38.17,1502,,
839755,38.181,1507,,
839766,38.192,1512,,
839774,38.2,1511,,
839785,38.211,1511,,
839796,38.222,1512,,
839804,38.23,1510,,
839815,38.241,1510,,
839826,38.252,1510,,
839834,38.26,1510,,
839844,38.27,1514,,
839855,38.281,1513,,
839866,38.292,1511,,
839874,38.3,1510,,
839885,38.311,1510,,
839896,38.322,1513,,
839904,38.33,1516,,
839915,38.341,1517,,
839926,38.352,1513,,
839934,38.36,1514,,
839945,38.371,1517,,
839956,38.382,1513,,
839964,38.39,1512,,
839975,38.401,1515,,
839986,38.412,1515,,
839994,38.42,1515,,
840005,38.431,1516,,
840016,38.442,1517,,
840024,38.45,1517,,
840035,38.461,1516,,
840046,38.472,1514,,
840054,38.48,1517,,
840065,38.491,1519,,
840076,38.502,1522,,
840084,38.51,1517,,
840095,38.521,1512,,
840106,38.532,1516,,
840114,38.54,1517,,
840125,38.551,1519,,
840136,38.562,1519,,
840144,38.57,1523,,
840155,38.581,1523,,
840166,38.592,1520,,
840174,38.6,1518,,
840185,38.611,1517,,
840196,38.622,1519,,
840204,38.63,1518,,
840215,38.641,1519,,
840226,38.652,1524,,
840236,38.662,1526,,
840244,38.67,1519,,
840255,38.681,1517,,
840266,38.692,1521,,
840274,38.7,1520,,
840284,38.71,1520,,
840295,38.721,1529,,
840306,38.732,1531,,
840314,38.74,1525,,
840325,38.751,1523,,
840336,38.762,1521,,
840346,38.772,1511,,
840354,38.78,1516,,
840365,38.791,1521,,
840376,38.802,1520,,
840384,38.81,1521,,
840395,38.821,1521,,
840406,38.832,1522,,
840414,38.84,1521,,
840425,38.851,1522,,
840436,38.862,1522,,
840444,38.87,1524,,
840455,38.881,1526,,
840466,38.892,1521,,
840474,38.9,1515,,
840485,38.911,1518,,
840496,38.922,1522,,
840504,38.93,1522,,
840515,38.941,1524,,
840526,38.952,1524,,
840534,38.96,1527,,
840545,38.971,1527,,
840556,38.982,1519,,
840564,38.99,1515,,
840575,39.001,1521,,
840586,39.012,1523,,
840594,39.02,1522,,
840605,39.031,1522,,
840616,39.042,1527,,
840624,39.05,1529,,
840635,39.061,1526,,
840646,39.072,1526,,
840654,39.08,1524,,
840665,39.091,1523,,
840676,39.102,1526,,
840684,39.11,1530,,
840695,39.121,1530,,
840706,39.132,1525,,
840714,39.14,1526,,
840725,39.151,1527,,
840735,39.161,1519,,
840746,39.172,1514,,
840754,39.18,1519,,
840765,39.191,1529,,
840776,39.202,1529,,
840786,39.212,1534,,
840794,39.22,1535,,
840805,39.231,1530,,
840816,39.242,1527,,
840824,39.25,1524,,
840835,39.261,1524,,
840846,39.272,1526,,
840854,39.28,1527,,
840865,39.291,1529,,
840876,39.302,1532,,
840884,39.31,1532,,
840895,39.321,1528,,
840906,39.332,1523,,
840914,39.34,1520,,
840925,39.351,1526,,
840936,39.362,1529,,
840944,39.37,1533,,
840955,39.381,1533,,
840966,39.392,1533,,
840974,39.4,1533,,
840984,39.41,1532,,
840995,39.421,1530,,
841006,39.432,1532,,
841014,39.44,1533,,
841025,39.451,1531,,
841036,39.462,1524,,
841044,39.47,1527,,
841055,39.481,1534,,
841066,39.492,1531,,
841074,39.5,1536,,
841085,39.511,1536,,
841096,39.522,1529,,
841104,39.53,1529,,
841115,39.541,1531,,
841126,39.552,1527,,
841134,39.56,1528,,
841145,39.571,1531,,
841156,39.582,1530,,
841164,39.59,1531,,
841175,39.601,1531,,
841186,39.612,1532,,
841194,39.62,1532,,
841205,39.631,1529,,
841216,39.642,1533,,
841224,39.65,1536,,
841235,39.661,1535,,
841246,39.672,1537,,
841254,39.68,1531,,
841265,39.691,1529,,
841276,39.702,1531,,
841284,39.71,1530,,
841295,39.721,1533,,
841306,39.732,1533,,
841314,39.74,1534,,
841325,39.751,1533,,
841336,39.762,1533,,
841344,39.77,1530,,
841355,39.781,1531,,
841366,39.792,1533,,
841374,39.8,1532,,
841385,39.811,1533,,
841396,39.822,1534,,
841404,39.83,1536,,
841415,39.841,1536,,
841426,39.852,1528,,
841434,39.86,1525,,
841445,39.871,1531,,
841456,39.882,1534,,
841464,39.89,1540,,
841475,39.901,1540,,
841486,39.912,1534,,
841494,39.92,1532,,
841504,39.93,1533,,
841515,39.941,1537,,
841526,39.952,1540,,
841534,39.96,1540,,
841545,39.971,1537,,
841556,39.982,1535,,
841564,39.99,1532,,
841575,40.001,1531,,
841586,40.012,1536,,
841594,40.02,1541,,
841605,40.031,1540,,
841616,40.042,1535,,
841624,40.05,1533,,
841635,40.061,1535,,
841646,40.072,1534,,
841654,40.08,1533,,
841665,40.091,1536,,
841676,40.102,1536,,
841684,40.11,1535,,
841695,40.121,1536,,
841706,40.132,1533,,
841714,40.14,1532,,
841725,40.151,1535,,
841736,40.162,1534,,
841744,40.17,1537,,
841755,40.181,1540,,
841766,40.192,1535,,
841774,40.2,1536,,
841785,40.211,1537,,
841796,40.222,1535,,
841804,40.23,1535,,
841815,40.241,1538,,
841826,40.252,1537,,
841836,40.262,1537,,
841844,40.27,1539,,
841855,40.281,1540,,
841866,40.292,1535,,
841874,40.3,1538,,
841885,40.311,1540,,
841896,40.322,1542,,
841904,40.33,1543,,
841915,40.341,1539,,
841926,40.352,1538,,
841934,40.36,1538,,
841945,40.371,1538,,
841956,40.382,1537,,
841964,40.39,1538,,
841975,40.401,1539,,
841986,40.412,1540,,
841994,40.42,1543,,
842005,40.431,1542,,
842016,40.442,1538,,
842024,40.45,1538,,
842035,40.461,1540,,
842046,40.472,1542,,
842056,40.482,1546,,
842064,40.49,1540,,
842075,40.501,1537,,
842085,40.511,1540,,
842096,40.522,1538,,
842104,40.53,1536,,
842115,40.541,1538,,
842126,40.552,1542,,
842134,40.56,1545,,
842145,40.571,1543,,
842156,40.582,1545,,
842164,40.59,1540,,
842175,40.601,1535,,
842186,40.612,1538,,
842194,40.62,1538,,
842205,40.631,1540,,
842216,40.642,1540,,
842224,40.65,1540,,
842235,40.661,1540,,
842246,40.672,1534,,
842254,40.68,1530,,
842265,40.691,1534,,
842276,40.702,1538,,
842284,40.71,1537,,
842294,40.72,1538,,
842305,40.731,1539,,
842316,40.742,1536,,
842324,40.75,1534,,
842335,40.761,1536,,
842346,40.772,1536,,
842354,40.78,1539,,
842365,40.791,1538,,
842376,40.802,1537,,
842384,40.81,1533,,
842395,40.821,1531,,
842405,40.831,1531,,
842416,40.842,1529,,
842424,40.85,1526,,
842435,40.861,1527,,
842446,40.872,1530,,
842454,40.88,1531,,
842465,40.891,1533,,
842476,40.902,1531,,
842484,40.91,1529,,
842495,40.921,1530,,
842506,40.932,1533,,
842514,40.94,1529,,
842525,40.951,1527,,
842536,40.962,1528,,
842544,40.97,1527,,
842555,40.981,1527,,
842566,40.992,1531,,
842574,41,1531,,
842585,41.011,1529,,
842596,41.022,1522,,
842604,41.03,1519,,
842615,41.041,1524,,
842626,41.052,1526,,
842634,41.06,1531,,
842645,41.071,1530,,
842656,41.082,1524,,
842664,41.09,1523,,
842675,41.101,1524,,
842686,41.112,1521,,
842694,41.12,1521,,
842705,41.131,1524,,
842716,41.142,1523,,
842724,41.15,1524,,
842735,41.161,1524,,
842746,41.172,1524,,
842754,41.18,1522,,
842764,41.19,1521,,
842775,41.201,1525,,
842786,41.212,1522,,
842794,41.22,1515,,
842805,41.231,1516,,
842816,41.242,1513,,
842824,41.25,1513,,
842835,41.261,1515,,
842846,41.272,1512,,
842854,41.28,1513,,
842865,41.291,1512,,
842876,41.302,1505,,
842884,41.31,1504,,
842895,41.321,1505,,
842906,41.332,1499,,
842914,41.34,1500,,
842925,41.351,1501,,
842936,41.362,1499,,
842944,41.37,1492,,
842955,41.381,1486,,
842966,41.392,1490,,
842974,41.4,1489,,
842985,41.411,1487,,
842995,41.421,1485,,
843006,41.432,1480,,
843014,41.44,1478,,
843025,41.451,1480,,
843036,41.462,1482,,
843044,41.47,1482,,
843055,41.481,1478,,
843066,41.492,1475,,
843074,41.5,1470,,
843085,41.511,1471,,
843096,41.522,1475,,
843104,41.53,1476,,
843115,41.541,1475,,
843126,41.552,1472,,
843134,41.56,1477,,
843145,41.571,1478,,
843156,41.582,1467,,
843164,41.59,1463,,
843175,41.601,1467,,
843185,41.611,1468,,
843196,41.622,1466,,
843204,41.63,1467,,
843215,41.641,1468,,
843226,41.652,1465,,
843234,41.66,1465,,
843245,41.671,1464,,
843256,41.682,1463,,
843264,41.69,1462,,
843274,41.7,1461,,
843285,41.711,1470,,
843296,41.722,1473,,
843304,41.73,1468,,
843315,41.741,1465,,
843326,41.752,1467,,
843334,41.76,1468,,
843345,41.771,1462,,
843356,41.782,1456,,
843364,41.79,1455,,
843375,41.801,1456,,
843386,41.812,1455,,
843394,41.82,1458,,
843405,41.831,1455,,
843416,41.842,1444,,
843424,41.85,1441,,
843435,41.861,1445,,
843446,41.872,1446,,
843454,41.88,1446,,
843465,41.891,1444,,
843476,41.902,1444,,
843484,41.91,1445,,
843495,41.921,1443,,
843506,41.932,1432,,
843514,41.94,1433,,
843525,41.951,1436,,
843536,41.962,1433,,
843544,41.97,1437,,
843555,41.981,1435,,
843566,41.992,1428,,
843574,42,1424,,
843585,42.011,1423,,
843596,42.022,1419,,
843604,42.03,1418,,
843615,42.041,1418,,
843626,42.052,1416,,
843634,42.06,1408,,
843645,42.071,1405,,
843656,42.082,1401,,
843664,42.09,1398,,
843675,42.101,1397,,
843686,42.112,1394,,
843694,42.12,1395,,
843705,42.131,1396,,
843716,42.142,1396,,
843724,42.15,1396,,
843735,42.161,1393,,
843746,42.172,1392,,
843754,42.18,1393,,
843765,42.191,1397,,
843776,42.202,1396,,
843784,42.21,1396,,
843795,42.221,1397,,
843806,42.232,1400,,
843814,42.24,1397,,
843825,42.251,1395,,
843836,42.262,1399,,
843844,42.27,1400,,
843855,42.281,1401,,
843866,42.292,1405,,
843874,42.3,1407,,
843885,42.311,1405,,
843896,42.322,1408,,
843904,42.33,1410,,
843915,42.341,1409,,
843926,42.352,1408,,
843934,42.36,1412,,
843945,42.371,1411,,
843956,42.382,1407,,
843964,42.39,1403,,
843975,42.401,1396,,
843986,42.412,1391,,
843994,42.42,1389,,
844005,42.431,1391,,
844016,42.442,1387,,
844024,42.45,1386,,
844035,42.461,1383,,
844046,42.472,1380,,
844054,42.48,1377,,
844065,42.491,1373,,
844076,42.502,1370,,
844084,42.51,1373,,
844095,42.521,1376,,
844106,42.532,1376,,
844114,42.54,1372,,
844125,42.551,1364,,
844136,42.562,1365,,
844144,42.57,1365,,
844155,42.581,1367,,
844166,42.592,1368,,
844174,42.6,1370,,
844185,42.611,1371,,
844196,42.622,1376,,
844204,42.63,1375,,
844215,42.641,1374,,
844226,42.652,1380,,
844234,42.66,1380,,
844245,42.671,1382,,
844256,42.682,1385,,
844264,42.69,1385,,
844275,42.701,1380,,
844286,42.712,1378,,
844294,42.72,1376,,
844305,42.731,1375,,
844316,42.742,1377,,
844324,42.75,1382,,
844335,42.761,1383,,
844346,42.772,1380,,
844354,42.78,1380,,
844365,42.791,1385,,
844376,42.802,1384,,
844384,42.81,1386,,
844395,42.821,1392,,
844406,42.832,1393,,
844414,42.84,1396,,
844425,42.851,1398,,
844436,42.862,1398,,
844444,42.87,1397,,
844455,42.881,1398,,
844466,42.892,1398,,
844474,42.9,1403,,
844485,42.911,1408,,
844496,42.922,1411,,
844504,42.93,1407,,
844515,42.941,1404,,
844526,42.952,1409,,
844534,42.96,1413,,
844545,42.971,1415,,
844556,42.982,1415,,
844564,42.99,1414,,
844575,43.001,1415,,
844586,43.012,1419,,
844594,43.02,1416,,
844605,43.031,1417,,
844616,43.042,1421,,
844624,43.05,1420,,
844635,43.061,1421,,
844646,43.072,1426,,
844654,43.08,1428,,
844665,43.091,1424,,
844676,43.102,1417,,
844684,43.11,1414,,
844695,43.121,1420,,
844706,43.132,1421,,
844714,43.14,1426,,
844725,43.151,1425,,
844736,43.162,1418,,
844744,43.17,1416,,
844755,43.181,1417,,
844766,43.192,1420,,
844774,43.2,1417,,
844785,43.211,1408,,
844796,43.222,1403,,
844804,43.23,1402,,
844815,43.241,1396,,
844826,43.252,1392,,
844834,43.26,1391,,
844845,43.271,1391,,
844856,43.282,1391,,
844864,43.29,1395,,
844875,43.301,1398,,
844886,43.312,1401,,
844894,43.32,1405,,
844905,43.331,1402,,
844916,43.342,1399,,
844924,43.35,1399,,
844935,43.361,1402,,
844946,43.372,1404,,
844954,43.38,1410,,
844965,43.391,1410,,
844976,43.402,1409,,
844984,43.41,1407,,
844995,43.421,1405,,
845006,43.432,1408,,
845014,43.44,1408,,
845025,43.451,1411,,
845036,43.462,1416,,
845044,43.47,1417,,
845055,43.481,1416,,
845066,43.492,1413,,
845074,43.5,1415,,
845085,43.511,1420,,
845096,43.522,1420,,
845104,43.53,1427,,
845115,43.541,1428,,
845126,43.552,1430,,
845134,43.56,1428,,
845145,43.571,1423,,
845156,43.582,1421,,
845164,43.59,1422,,
845174,43.6,1426,,
845185,43.611,1425,,
845195,43.621,1428,,
845206,43.632,1433,,
845214,43.64,1437,,
845224,43.65,1433,,
845235,43.661,1438,,
845246,43.672,1437,,
845254,43.68,1434,,
845265,43.691,1439,,
845276,43.702,1435,,
845284,43.71,1430,,
845294,43.72,1431,,
845305,43.731,1441,,
845316,43.742,1443,,
845326,43.752,1445,,
845334,43.76,1448,,
845345,43.771,1447,,
845356,43.782,1445,,
845364,43.79,1450,,
845375,43.801,1450,,
845386,43.812,1446,,
845394,43.82,1445,,
845405,43.831,1447,,
845416,43.842,1443,,
845424,43.85,1444,,
845435,43.861,1447,,
845446,43.872,1450,,
845454,43.88,1452,,
845465,43.891,1452,,
845476,43.902,1447,,
845484,43.91,1447,,
845495,43.921,1450,,
845506,43.932,1449,,
845514,43.94,1452,,
845525,43.951,1453,,
845536,43.962,1453,,
845544,43.97,1447,,
845554,43.98,1443,,
845565,43.991,1453,,
845576,44.002,1453,,
845584,44.01,1453,,
845595,44.021,1453,,
845606,44.032,1451,,
845614,44.04,1450,,
845625,44.051,1451,,
845636,44.062,1454,,
845644,44.07,1458,,
845655,44.081,1455,,
845666,44.092,1456,,
845674,44.1,1451,,
845685,44.111,1448,,
845696,44.122,1452,,
845704,44.13,1453,,
845715,44.141,1454,,
845726,44.152,1453,,
845734,44.16,1453,,
845745,44.171,1453,,
845756,44.182,1455,,
845764,44.19,1453,,
845775,44.201,1450,,
845786,44.212,1452,,
845794,44.22,1456,,
845805,44.231,1458,,
845816,44.242,1459,,
845824,44.25,1462,,
845835,44.261,1459,,
845846,44.272,1460,,
845854,44.28,1458,,
845865,44.291,1459,,
845876,44.302,1463,,
